BCW_ID,Round,OD600_D0_1,OD600_D0_2,OD600_D0_3,OD600_D4_R1,OD600_D4_R2,OD600_D4_R3
BCW_200488,Round_1,0.109,0.114,0.091,0.342,0.314,0.325
BCW_200726,Round_1,0.134,0.151,0.122,0.382,0.375,0.344
BCW_201889,Round_1,0.112,0.179,0.087,0.578,0.756,0.456
BCW_201173,Round_1,0.116,0.116,0.099,0.141,0.145,0.145
BCW_201245,Round_1,0.109,0.153,0.097,0.121,0.175,0.138
BCW_200810,Round_1,0.134,0.154,0.122,0.159,0.164,0.179
BCW_200328,Round_1,0.152,0.185,0.155,0.406,0.419,0.411
BCW_201866,Round_1,0.118,0.171,0.147,0.193,0.206,0.269
BCW_201859,Round_1,0.107,0.114,0.114,0.186,0.21,0.231
BCW_201025,Round_1,0.116,0.131,0.117,0.168,0.158,0.262
BCW_201162,Round_1,0.1,0.113,0.104,0.293,0.293,0.299
BCW_200661,Round_1,0.131,0.168,0.106,0.415,0.472,0.432
BCW_201824,Round_1,0.121,0.134,0.119,0.504,0.501,0.48
BCW_200596,Round_1,0.115,0.143,0.122,0.287,0.282,0.293
BCW_200566,Round_1,0.13,0.131,0.114,0.307,0.305,0.297
BCW_200621,Round_1,0.13,0.151,0.131,0.468,0.452,0.449
BCW_201813,Round_1,0.107,0.1,0.115,0.523,0.526,0.527
BCW_201874,Round_1,0.121,0.123,0.12,0.126,0.122,0.119
BCW_201858,Round_1,0.176,0.197,0.183,0.301,0.305,0.312
BCW_201876,Round_1,0.192,0.242,0.185,0.305,0.298,0.305
BCW_200727,Round_1,0.172,0.189,0.17,0.347,0.348,0.346
BCW_201894,Round_1,0.203,0.213,0.192,0.309,0.3,0.302
BCW_200926,Round_1,0.124,0.126,0.125,0.32,0.32,0.311
BCW_201878,Round_1,0.178,0.175,0.163,0.194,0.187,0.189
BCW_201880,Round_1,0.101,0.104,0.102,0.153,0.154,0.152
BCW_201880,Round_1,0.123,0.13,0.126,0.144,0.143,0.138
BCW_201851,Round_1,0.19,0.222,0.179,0.377,0.368,0.374
BCW_200808,Round_1,0.148,0.148,0.113,0.248,0.31,0.296
BCW_201888,Round_1,0.187,0.183,0.159,0.289,0.31,0.296
BCW_201187,Round_1,0.122,0.147,0.13,0.314,0.326,0.316
BCW_201873,Round_1,0.147,0.184,0.16,0.283,0.286,0.268
BCW_200662,Round_1,0.141,0.155,0.137,0.407,0.404,0.385
BCW_201236,Round_1,0.104,0.117,0.121,0.156,0.161,0.169
BCW_201836,Round_1,0.092,0.091,0.095,0.233,0.215,0.213
BCW_200939,Round_1,0.126,0.163,0.14,0.193,0.145,0.146
BCW_200533,Round_1,0.111,0.105,0.105,0.346,0.348,0.358
BCW_201045,Round_1,0.115,0.136,0.12,0.276,0.253,0.301
BCW_200279,Round_1,0.156,0.167,0.155,0.384,0.369,0.362
BCW_201809,Round_1,0.128,0.146,0.135,0.289,0.239,0.335
BCW_200443,Round_1,0.097,0.091,0.091,0.236,0.237,0.271
BCW_201860,Round_1,0.128,0.123,0.099,0.616,0.548,0.5
BCW_201879,Round_1,0.178,0.211,0.209,0.294,0.287,0.288
BCW_201910,Round_1,0.13,0.139,0.104,0.16,0.158,0.156
BCW_201818,Round_1,0.106,0.138,0.112,0.162,0.175,0.157
BCW_200556,Round_1,0.097,0.109,0.106,0.108,0.108,0.115
BCW_201825,Round_1,0.12,0.115,0.104,0.547,0.497,0.472
BCW_201834,Round_1,0.133,0.13,0.113,0.694,0.645,0.64
BCW_201831,Round_1,0.096,0.093,0.095,0.111,0.112,0.117
BCW_201835,Round_1,0.096,0.088,0.091,0.16,0.151,0.144
BCW_201870,Round_1,0.087,0.088,0.085,0.143,0.147,0.143
BCW_200725,Round_1,0.178,0.165,0.129,0.192,0.194,0.253
BCW_201868,Round_1,0.117,0.114,0.105,0.18,0.162,0.167
BCW_201856,Round_1,0.109,0.095,0.092,0.514,0.31,0.419
BCW_201884,Round_1,0.184,0.197,0.179,0.249,0.268,0.277
BCW_201303,Round_1,0.13,0.12,0.111,0.302,0.301,0.314
BCW_201152,Round_1,0.102,0.1,0.098,0.142,0.142,0.141
BCW_201085,Round_1,0.137,0.163,0.132,0.392,0.359,0.395
BCW_201933,Round_1,0.148,0.184,0.13,0.146,0.14,0.221
BCW_200444,Round_1,0.143,0.146,0.133,0.362,0.337,0.355
BCW_201815,Round_1,0.152,0.171,0.142,0.179,0.177,0.173
BCW_200270,Round_1,0.18,0.211,0.19,0.248,0.249,0.295
BCW_201882,Round_1,0.139,0.176,0.153,0.164,0.166,0.164
BCW_201883,Round_1,0.114,0.307,0.114,0.144,0.345,0.123
BCW_201083,Round_1,0.128,0.138,0.132,0.169,0.165,0.153
BCW_201885,Round_1,0.141,0.21,0.151,0.399,0.381,0.375
BCW_201936,Round_1,0.154,0.195,0.153,0.295,0.293,0.374
BCW_201917,Round_1,0.164,0.382,0.174,0.378,0.563,0.449
BCW_200902,Round_1,0.164,0.274,0.147,0.221,0.324,0.194
BCW_201153,Round_1,0.166,0.206,0.154,0.334,0.384,0.359
BCW_201862,Round_1,0.153,0.218,0.152,0.222,0.26,0.217
BCW_201867,Round_1,0.132,0.428,0.121,0.185,0.519,0.2
BCW_201849,Round_1,0.123,0.162,0.135,0.264,0.271,0.249
BCW_201887,Round_1,0.185,0.206,0.207,0.253,0.273,0.258
BCW_201840,Round_1,0.13,0.154,0.111,0.461,0.568,0.384
BCW_201895,Round_1,0.149,0.157,0.145,0.164,0.166,0.162
BCW_201899,Round_1,0.202,0.219,0.182,0.255,0.265,0.277
BCW_200496,Round_1,0.207,0.211,0.2,0.36,0.348,0.345
BCW_201864,Round_1,0.165,0.178,0.158,0.336,0.341,0.348
BCW_201090,Round_1,0.134,0.145,0.142,0.322,0.32,0.319
BCW_200883,Round_1,0.17,0.181,0.173,0.441,0.468,0.401
BCW_201875,Round_1,0.166,0.205,0.161,0.434,0.443,0.456
BCW_200659,Round_1,0.14,0.16,0.137,0.397,0.404,0.4
BCW_201909,Round_1,0.14,0.175,0.12,0.223,0.316,0.299
BCW_201823,Round_1,0.198,0.234,0.18,0.416,0.413,0.421
BCW_200498,Round_1,0.167,0.176,0.174,0.256,0.257,0.351
BCW_200505,Round_1,0.123,0.13,0.116,0.405,0.422,0.39
BCW_200955,Round_1,0.18,0.191,0.177,0.456,0.443,0.453
BCW_200561,Round_1,0.181,0.186,0.166,0.4,0.398,0.38
BCW_201990,Round_1,0.191,0.2,0.21,0.345,0.312,0.359
BCW_200275,Round_1,0.12,0.127,0.113,0.148,0.144,0.14
BCW_200715,Round_1,0.143,0.135,0.123,0.18,0.151,0.168
BCW_201084,Round_1,0.123,0.123,0.117,0.141,0.124,0.139
BCW_200723,Round_1,0.151,0.135,0.143,0.214,0.174,0.186
BCW_200539,Round_1,0.115,0.101,0.103,0.137,0.128,0.124
BCW_201886,Round_1,0.227,0.19,0.207,0.387,0.375,0.343
BCW_201098,Round_1,0.118,0.104,0.11,0.182,0.177,0.17
BCW_201896,Round_2,0.28,0.097,0.099,0.54,0.306,0.319
BCW_201845,Round_2,0.159,0.164,0.162,0.167,0.171,0.178
BCW_201891,Round_2,0.128,0.132,0.139,0.585,0.564,0.576
BCW_200607,Round_2,0.16,0.169,0.173,0.292,0.203,0.198
BCW_200600,Round_2,0.164,0.164,0.166,0.255,0.278,0.248
BCW_201853,Round_2,0.122,0.115,0.116,0.13,0.127,0.129
BCW_201827,Round_2,0.117,0.113,0.114,0.128,0.127,0.128
BCW_201151,Round_2,0.147,0.145,0.155,0.182,0.189,0.188
BCW_200634,Round_2,0.78,0.226,0.157,1.32,0.366,0.333
BCW_200648,Round_2,0.183,0.447,0.157,0.484,0.711,0.462
BCW_200986,Round_2,0.208,0.196,0.19,0.368,0.392,0.363
BCW_200669,Round_2,0.142,0.159,0.161,0.316,0.342,0.354
BCW_201826,Round_2,0.154,0.166,0.168,0.413,0.413,0.402
BCW_201865,Round_2,0.11,0.112,0.115,0.116,0.113,0.113
BCW_200642,Round_2,0.115,0.111,0.114,0.15,0.13,0.143
BCW_200470,Round_2,0.136,0.133,0.134,0.312,0.276,0.268
BCW_201175,Round_2,0.113,0.111,0.118,0.14,0.14,0.145
BCW_201056,Round_2,0.138,0.129,0.137,0.238,0.221,0.201
BCW_200449,Round_2,0.155,0.155,0.159,0.187,0.183,0.181
BCW_200274,Round_2,0.139,0.148,0.153,0.275,0.214,0.264
BCW_200307,Round_2,0.137,0.145,0.149,0.242,0.235,0.232
BCW_201019,Round_2,0.145,0.169,0.176,0.361,0.341,0.34
BCW_201263,Round_2,0.181,0.196,0.171,0.365,0.348,0.34
BCW_201097,Round_2,0.163,0.168,0.16,0.373,0.356,0.38
BCW_201079,Round_2,0.201,0.219,0.202,0.386,0.42,0.386
BCW_200821,Round_2,0.112,0.117,0.131,0.306,0.278,0.299
BCW_200529,Round_2,0.16,0.254,0.173,0.4,0.44,0.395
BCW_201812,Round_2,0.155,0.167,0.179,0.413,0.42,0.412
BCW_201703,Round_2,0.178,0.218,0.2,0.387,0.379,0.373
BCW_200920,Round_2,0.158,0.179,0.19,0.401,0.378,0.373
BCW_200565,Round_2,0.122,0.138,0.125,0.373,0.376,0.332
BCW_200991,Round_2,0.145,0.153,0.159,0.146,0.135,0.136
BCW_200547,Round_2,0.134,0.137,0.146,0.176,0.185,0.19
BCW_201957,Round_2,0.14,0.15,0.153,0.14,0.142,0.142
BCW_200736,Round_2,0.105,0.106,0.116,0.112,0.11,0.111
BCW_201954,Round_2,0.112,0.131,0.131,0.399,0.452,0.462
BCW_201972,Round_2,0.173,0.2,0.215,0.448,0.377,0.447
BCW_201150,Round_2,0.162,0.178,0.212,0.362,0.318,0.34
BCW_201184,Round_2,0.116,0.121,0.127,0.18,0.174,0.174
BCW_201290,Round_2,0.103,0.105,0.106,0.113,0.108,0.109
BCW_200460,Round_2,0.171,0.191,0.176,0.232,0.252,0.26
BCW_200446,Round_2,0.128,0.134,0.139,0.36,0.37,0.36
BCW_200567,Round_2,0.153,0.148,0.154,0.233,0.161,0.222
BCW_201302,Round_2,0.113,0.108,0.113,0.235,0.23,0.215
BCW_201315,Round_2,0.119,0.112,0.124,0.262,0.251,0.235
BCW_200598,Round_2,0.16,0.148,0.177,0.388,0.362,0.374
BCW_200828,Round_2,0.111,0.112,0.116,0.283,0.266,0.257
BCW_200718,Round_2,0.084,0.086,0.086,0.111,0.106,0.105
BCW_200473,Round_2,0.129,0.131,0.149,0.139,0.148,0.141
BCW_201185,Round_2,0.112,0.11,0.113,0.169,0.126,0.156
BCW_201830,Round_2,0.117,0.119,0.131,0.371,0.36,0.392
BCW_201881,Round_2,0.148,0.151,0.157,0.153,0.178,0.143
BCW_201897,Round_2,0.102,0.1,0.103,0.153,0.13,0.124
BCW_201916,Round_2,0.117,0.116,0.121,0.527,0.526,0.534
BCW_201819,Round_2,0.111,0.124,0.129,0.259,0.257,0.251
BCW_201872,Round_2,0.141,0.158,0.159,0.388,0.371,0.368
BCW_201915,Round_2,0.139,0.145,0.152,0.316,0.385,0.388
BCW_200665,Round_2,0.13,0.132,0.146,0.416,0.415,0.427
BCW_200517,Round_2,0.128,0.145,0.149,0.356,0.349,0.361
BCW_200938,Round_2,0.541,0.218,0.181,0.787,0.232,0.274
BCW_201814,Round_2,0.134,0.15,0.158,0.268,0.15,0.172
BCW_201850,Round_2,0.139,0.141,0.149,0.347,0.325,0.333
BCW_200904,Round_2,0.136,0.152,0.165,0.297,0.286,0.279
BCW_201861,Round_2,0.094,0.094,0.096,0.148,0.148,0.142
BCW_201926,Round_2,0.146,0.139,0.154,0.47,0.438,0.479
BCW_201808,Round_2,0.146,0.144,0.149,0.388,0.41,0.406
BCW_201847,Round_2,0.14,0.15,0.155,0.422,0.412,0.419
BCW_200885,Round_2,0.186,0.212,0.584,0.502,0.479,0.505
BCW_200620,Round_2,0.171,0.149,0.159,0.564,0.434,0.437
BCW_201939,Round_2,0.157,0.155,0.162,0.466,0.276,0.301
BCW_200570,Round_2,0.16,0.173,0.177,0.437,0.415,0.398
BCW_200290,Round_2,1.09,0.486,0.214,1.111,0.861,0.626
BCW_201260,Round_2,0.133,0.148,0.163,0.138,0.158,0.15
BCW_201254,Round_2,0.14,0.141,0.142,0.226,0.238,0.251
BCW_201350,Round_2,0.147,0.15,0.16,0.273,0.282,0.282
BCW_201877,Round_2,0.148,0.152,0.162,0.154,0.143,0.147
BCW_200487,Round_2,0.133,0.136,0.138,0.366,0.345,0.347
BCW_200882,Round_2,0.123,0.128,0.134,0.373,0.354,0.347
BCW_201832,Round_2,0.139,0.144,0.155,0.18,0.162,0.154
BCW_201844,Round_2,0.143,0.133,0.148,0.175,0.168,0.16
BCW_201176,Round_2,0.108,0.106,0.104,0.127,0.136,0.128
BCW_201901,Round_2,0.139,0.141,0.152,0.134,0.134,0.134
BCW_201838,Round_2,0.14,0.143,0.172,0.331,0.363,0.4
BCW_200724,Round_2,0.105,0.111,0.112,0.122,0.125,0.126
BCW_200847,Round_2,0.131,0.134,0.173,0.354,0.344,0.379
BCW_200705,Round_2,0.146,0.146,0.469,0.175,0.18,0.502
BCW_200722,Round_2,0.753,0.353,0.132,0.337,0.15,0.166
BCW_201014,Round_2,0.106,0.108,0.118,0.155,0.147,0.145
BCW_200266,Round_2,0.189,0.243,0.167,0.246,0.502,0.382
BCW_200599,Round_2,0.851,0.149,0.171,0.914,0.371,0.359
BCW_201871,Round_2,0.191,0.16,0.166,0.412,0.292,0.246
BCW_201848,Round_2,0.11,0.101,0.103,0.179,0.149,0.134
BCW_201900,Round_2,0.113,0.102,0.103,0.175,0.146,0.136
BCW_201833,Round_2,0.112,0.102,0.101,0.142,0.134,0.117
BCW_200552,Round_2,0.126,0.106,0.113,0.225,0.163,0.153
BCW_201902,Round_2,0.176,0.24,0.139,0.265,0.381,0.196
BCW_200477,Round_3,0.129,0.123,0.118,0.216,0.225,0.219
BCW_200462,Round_3,0.132,0.161,0.16,0.282,0.313,0.43
BCW_200525,Round_3,0.138,0.169,0.148,0.396,0.383,0.344
BCW_200801,Round_3,0.126,0.126,0.167,0.325,0.39,0.316
BCW_200471,Round_3,0.162,0.165,0.166,0.404,0.364,0.359
BCW_200951,Round_3,0.114,0.131,0.121,0.376,0.414,0.312
BCW_200815,Round_3,0.153,0.126,0.12,0.414,0.34,0.359
BCW_200912,Round_3,0.155,0.139,0.152,0.462,0.448,0.433
BCW_200797,Round_3,0.163,0.184,0.167,0.387,0.38,0.381
BCW_200719,Round_3,0.091,0.098,0.089,0.094,0.095,0.096
BCW_200716,Round_3,0.119,0.122,0.114,0.128,0.121,0.125
BCW_200776,Round_3,0.147,0.139,0.136,0.429,0.392,0.422
BCW_200800,Round_3,0.123,0.132,0.12,0.407,0.401,0.413
BCW_201890,Round_3,0.137,0.133,0.117,0.335,0.343,0.333
BCW_201828,Round_3,0.166,0.167,0.142,0.409,0.397,0.368
BCW_201839,Round_3,0.143,0.15,0.135,0.387,0.419,0.364
BCW_200983,Round_3,0.152,0.164,0.148,0.285,0.339,0.414
BCW_200976,Round_3,0.783,0.159,0.138,0.743,0.235,0.186
BCW_200438,Round_3,0.173,0.149,0.157,0.418,0.409,0.408
BCW_200436,Round_3,0.173,0.176,0.167,0.311,0.311,0.357
BCW_200458,Round_3,0.143,0.155,0.145,0.147,0.141,0.142
BCW_200516,Round_3,0.19,0.183,0.186,0.401,0.383,0.384
BCW_200434,Round_3,0.19,0.182,0.174,0.25,0.197,0.211
BCW_201008,Round_3,0.199,0.201,0.187,0.283,0.282,0.291
BCW_200578,Round_3,1.183,0.313,0.204,0.64,0.391,0.327
BCW_200588,Round_3,0.165,0.174,0.174,0.253,0.259,0.258
BCW_200555,Round_3,0.165,0.164,0.162,0.443,0.439,0.472
BCW_201013,Round_3,0.11,0.122,0.116,0.365,0.362,0.37
BCW_200553,Round_3,0.148,0.163,0.153,0.357,0.359,0.385
BCW_200915,Round_3,0.14,0.146,0.14,0.362,0.365,0.355
BCW_200574,Round_3,0.166,0.175,0.165,0.167,0.347,0.163
BCW_200557,Round_3,0.149,0.154,0.143,0.29,0.321,0.327
BCW_201982,Round_3,0.173,0.183,0.16,0.175,0.174,0.185
BCW_201938,Round_3,0.17,0.175,0.163,0.141,0.144,0.152
BCW_201914,Round_3,0.173,0.189,0.163,0.131,0.139,0.13
BCW_201949,Round_3,0.203,0.183,0.16,0.197,0.149,0.129
BCW_201945,Round_3,0.16,0.172,0.157,0.134,0.297,0.137
BCW_200545,Round_3,0.168,0.173,0.157,0.365,0.354,0.322
BCW_201975,Round_3,0.159,0.172,0.161,0.377,0.396,0.359
BCW_201937,Round_3,0.168,0.18,0.161,0.337,0.294,0.299
BCW_200880,Round_3,0.132,0.146,0.13,0.257,0.293,0.212
BCW_200806,Round_3,0.133,0.139,0.136,0.36,0.343,0.311
BCW_200886,Round_3,0.164,0.166,0.146,0.33,0.333,0.346
BCW_200903,Round_3,0.17,0.166,0.16,0.342,0.346,0.361
BCW_200887,Round_3,0.144,0.135,0.128,0.374,0.369,0.358
BCW_200798,Round_3,0.143,0.14,0.138,0.344,0.307,0.297
BCW_201721,Round_3,0.176,0.17,0.18,0.428,0.421,0.411
BCW_200855,Round_3,0.152,0.136,0.142,0.321,0.358,0.384
BCW_200312,Round_3,0.926,0.206,0.157,0.869,0.372,0.327
BCW_201304,Round_3,0.165,0.143,0.139,0.333,0.321,0.288
BCW_200647,Round_3,0.206,0.185,0.191,0.364,0.353,0.349
BCW_200650,Round_3,0.143,0.129,0.12,0.267,0.271,0.263
BCW_200649,Round_3,0.165,0.15,0.139,0.442,0.45,0.414
BCW_200656,Round_3,0.152,0.14,0.138,0.382,0.38,0.419
BCW_200281,Round_3,0.147,0.134,0.133,0.37,0.382,0.356
BCW_201726,Round_3,0.161,0.142,0.148,0.311,0.452,0.452
BCW_201267,Round_3,0.139,0.127,0.113,0.371,0.407,0.312
BCW_200952,Round_3,0.14,0.128,0.122,0.391,0.398,0.334
BCW_201257,Round_3,0.15,0.15,0.139,0.428,0.429,0.435
BCW_201444,Round_3,0.136,0.15,0.151,0.299,0.322,0.297
BCW_201445,Round_3,0.156,0.151,0.146,0.166,0.172,0.163
BCW_201649,Round_3,0.15,0.139,0.136,0.22,0.23,0.228
BCW_201903,Round_3,0.166,0.159,0.162,0.149,0.146,0.156
BCW_201614,Round_3,0.141,0.132,0.126,0.389,0.376,0.387
BCW_201088,Round_3,0.135,0.132,0.118,0.405,0.418,0.44
BCW_201078,Round_3,0.135,0.126,0.119,0.345,0.337,0.332
BCW_201036,Round_3,0.11,0.099,0.094,0.323,0.322,0.335
BCW_200989,Round_3,0.16,0.151,0.14,0.426,0.393,0.372
BCW_200544,Round_3,0.183,0.146,0.143,0.381,0.368,0.378
BCW_201450,Round_3,0.15,0.141,0.136,0.382,0.368,0.385
BCW_200909,Round_3,0.15,0.136,0.13,0.344,0.333,0.327
BCW_201081,Round_3,0.143,0.139,0.13,0.318,0.339,0.361
BCW_200881,Round_3,0.155,0.141,0.124,0.359,0.403,0.314
BCW_201854,Round_3,0.126,0.111,0.102,0.097,0.1,0.099
BCW_201615,Round_3,0.16,0.138,0.134,0.382,0.352,0.372
BCW_201010,Round_3,0.17,0.135,0.137,0.385,0.361,0.384
BCW_201059,Round_3,0.193,0.153,0.149,0.399,0.376,0.38
BCW_201811,Round_3,0.187,0.156,0.158,0.341,0.33,0.336
20BCW_2005,Round_3,0.193,0.155,0.158,0.345,0.345,0.337
BCW_200521,Round_3,0.166,1.333,0.111,0.411,1.537,0.207
BCW_201154,Round_3,0.171,0.132,0.116,0.352,0.31,0.27
BCW_200988,Round_3,0.142,0.155,0.14,0.167,0.437,0.388
BCW_200499,Round_3,0.183,0.15,0.143,0.424,0.393,0.384
BCW_201020,Round_3,0.209,0.166,0.149,0.384,0.34,0.337
BCW_200879,Round_3,0.226,0.172,0.161,0.369,0.303,0.311
BCW_200641,Round_3,0.236,0.216,0.171,0.499,0.47,0.456
BCW_200818,Round_3,0.188,0.152,0.142,0.44,0.397,0.388
BCW_200520,Round_3,0.342,0.197,0.129,0.574,0.468,0.365
BCW_200704,Round_3,0.136,0.13,0.132,0.17,0.191,0.17
BCW_200667,Round_3,0.159,0.158,0.139,0.239,0.256,0.221
BCW_200820,Round_3,0.16,0.157,0.143,0.332,0.408,0.334
BCW_200660,Round_3,0.152,0.147,0.14,0.321,0.322,0.325
BCW_200984,Round_3,0.166,0.162,0.168,0.322,0.28,0.269
BCW_201021,Round_3,0.238,0.172,0.154,0.439,0.354,0.39
BCW_201071,Round_3,0.155,0.153,0.135,0.351,0.364,0.34
BCW_201441,Round_3,0.13,0.14,0.11,0.422,0.439,0.398
BCW_200442,Round_4,0.131,0.123,0.118,0.33,0.303,0.309
BCW_200465,Round_4,0.171,0.148,0.147,0.402,0.392,0.39
BCW_200276,Round_4,0.142,0.122,0.141,0.299,0.298,0.271
BCW_201293,Round_4,0.139,0.129,0.136,0.16,0.16,0.159
BCW_200735,Round_4,0.137,0.103,0.131,0.203,0.189,0.204
BCW_200994,Round_4,0.162,0.133,0.165,0.308,0.36,0.342
BCW_201662,Round_4,0.145,0.141,0.146,0.335,0.316,0.34
BCW_200738,Round_4,0.144,0.142,0.146,0.38,0.394,0.426
BCW_200497,Round_4,0.177,0.151,0.15,0.236,0.248,0.233
BCW_200993,Round_4,0.195,0.152,0.192,0.232,0.219,0.268
BCW_201007,Round_4,0.115,0.094,0.125,0.109,0.109,0.126
BCW_200791,Round_4,0.109,0.095,0.163,0.159,0.188,0.253
BCW_200514,Round_4,0.207,0.153,0.196,0.39,0.383,0.384
20BCW_2001,Round_4,0.115,0.098,0.123,0.117,0.117,0.119
BCW_200311,Round_4,0.152,0.122,0.158,0.303,0.301,0.321
BCW_200561,Round_4,0.124,0.103,0.126,0.124,0.125,0.132
BCW_200945,Round_4,0.135,0.118,0.135,0.19,0.18,0.179
BCW_200308,Round_4,0.163,0.143,0.158,0.303,0.298,0.315
BCW_200944,Round_4,0.155,0.133,0.153,0.133,0.13,0.139
BCW_200559,Round_4,0.174,0.116,0.132,0.344,0.325,0.326
BCW_200593,Round_4,0.196,0.149,0.138,0.141,0.135,0.149
BCW_200508,Round_4,0.207,0.132,0.15,0.365,0.368,0.361
BCW_200775,Round_4,0.194,0.142,0.146,0.339,0.37,0.354
BCW_200814,Round_4,0.122,0.098,0.121,0.118,0.117,0.125
BCW_201648,Round_4,0.103,0.098,0.121,0.182,0.296,0.297
BCW_200651,Round_4,0.124,0.123,0.144,0.351,0.327,0.334
BCW_200464,Round_4,0.159,0.135,0.149,0.227,0.228,0.389
BCW_201461,Round_4,0.198,0.131,0.146,0.392,0.382,0.372
BCW_200440,Round_4,0.226,0.159,0.154,0.304,0.348,0.31
BCW_201075,Round_4,0.195,0.113,0.136,0.329,0.337,0.337
BCW_201103,Round_4,0.172,0.125,0.146,0.361,0.362,0.367
BCW_200268,Round_4,0.133,0.119,0.132,0.279,0.3,0.306
BCW_200272,Round_4,0.124,0.102,0.131,0.354,0.391,0.406
BCW_201082,Round_4,0.148,0.137,0.157,0.385,0.391,0.395
BCW_201995,Round_4,0.152,0.119,0.146,0.329,0.29,0.35
BCW_200271,Round_4,0.199,0.129,0.158,0.38,0.358,0.374
BCW_200327,Round_4,0.218,0.141,0.17,0.4,0.403,0.392
BCW_200717,Round_4,0.185,0.11,0.134,0.136,0.13,0.134
BCW_200663,Round_4,0.209,0.157,0.189,0.195,0.208,0.221
BCW_201238,Round_4,0.152,0.127,0.146,0.42,0.425,0.446
BCW_200278,Round_4,0.118,0.107,0.133,0.298,0.308,0.303
BCW_201911,Round_4,0.135,0.117,0.142,0.255,0.275,0.271
BCW_201842,Round_4,0.102,0.087,0.119,0.136,0.15,0.153
BCW_201928,Round_4,0.165,0.107,0.149,0.183,0.195,0.211
BCW_201947,Round_4,0.222,0.164,0.184,0.209,0.215,0.219
BCW_201155,Round_4,0.192,0.124,0.151,0.13,0.135,0.274
BCW_201857,Round_4,0.158,0.147,0.158,0.138,0.144,0.144
BCW_201291,Round_4,0.13,0.119,0.14,0.213,0.219,0.228
BCW_201028,Round_4,0.103,0.09,0.109,0.241,0.233,0.243
BCW_201054,Round_4,0.138,0.142,0.153,0.338,0.344,0.353
BCW_201107,Round_4,0.135,0.118,0.151,0.354,0.335,0.353
BCW_200931,Round_4,0.163,0.113,0.156,0.38,0.371,0.401
BCW_201443,Round_4,0.172,0.122,0.151,0.332,0.347,0.337
BCW_200527,Round_4,0.215,0.16,0.173,0.377,0.372,0.372
BCW_200528,Round_4,0.213,0.185,0.205,0.415,0.413,0.413
BCW_200587,Round_4,0.131,0.111,0.134,0.271,0.295,0.26
BCW_201070,Round_4,0.103,0.099,0.11,0.195,0.21,0.209
BCW_201044,Round_4,0.135,0.124,0.14,0.253,0.302,0.304
BCW_201248,Round_4,0.126,0.1,0.128,0.109,0.107,0.112
BCW_201258,Round_4,0.162,0.136,0.16,0.275,0.196,0.274
BCW_201024,Round_4,0.155,0.122,0.152,0.271,0.278,0.293
BCW_200589,Round_4,0.154,0.119,0.147,0.214,0.222,0.19
BCW_201051,Round_4,0.166,0.141,0.17,0.421,0.419,0.425
BCW_201186,Round_4,0.149,0.113,0.143,0.389,0.375,0.447
BCW_200891,Round_4,0.14,0.15,0.146,0.468,0.4,0.394
BCW_200432,Round_4,0.13,0.12,0.153,0.154,0.155,0.154
BCW_200646,Round_4,0.16,0.14,0.171,0.237,0.253,0.259
BCW_200624,Round_4,0.166,0.157,0.166,0.386,0.369,0.395
BCW_201919,Round_4,0.166,0.16,0.174,0.383,0.389,0.392
BCW_201654,Round_4,0.115,0.106,0.128,0.137,0.134,0.135
BCW_200269,Round_4,0.14,0.134,0.16,0.158,0.156,0.155
BCW_200294,Round_4,0.141,0.124,0.153,0.309,0.318,0.369
BCW_200317,Round_4,0.14,0.142,0.158,0.397,0.386,0.373
BCW_200437,Round_4,0.124,0.118,0.129,0.35,0.348,0.354
BCW_200509,Round_4,0.15,0.14,0.151,0.336,0.343,0.334
BCW_201297,Round_4,0.125,0.119,0.13,0.168,0.215,0.192
BCW_200267,Round_4,0.182,0.163,0.147,0.174,0.173,0.17
BCW_200319,Round_4,0.167,0.148,0.159,0.368,0.358,0.399
BCW_200973,Round_4,0.158,0.158,0.183,0.261,0.267,0.271
BCW_200910,Round_4,0.182,0.201,0.22,0.346,0.371,0.392
BCW_200892,Round_4,0.132,0.126,0.131,0.349,0.358,0.335
BCW_200542,Round_4,0.138,0.108,0.137,0.159,0.215,0.232
BCW_200785,Round_4,0.115,0.107,0.124,0.367,0.398,0.38
BCW_201058,Round_4,0.14,0.127,0.149,0.29,0.289,0.304
BCW_201997,Round_4,0.129,0.24,0.17,0.134,0.137,0.148
BCW_200874,Round_4,0.135,0.134,0.165,0.275,0.299,0.317
BCW_200577,Round_4,0.172,0.174,0.223,0.413,0.428,0.423
BCW_201091,Round_4,0.108,0.107,0.119,0.169,0.23,0.204
BCW_201620,Round_4,0.103,0.106,0.095,0.323,0.335,0.323
BCW_200790,Round_4,0.105,0.102,0.094,0.176,0.172,0.175
BCW_201653,Round_4,0.147,0.17,0.131,0.175,0.171,0.174
BCW_200302,Round_4,0.132,0.115,0.117,0.141,0.143,0.146
BCW_200315,Round_4,0.126,0.113,0.127,0.218,0.24,0.243
20BCW_2006,Round_4,0.144,0.138,0.156,0.223,0.235,0.227
BCW_201292,Round_4,0.138,0.13,0.149,0.16,0.158,0.157
BCW_201453,Round_4,0.124,0.124,0.132,0.335,0.341,0.359
BCW_200001,Round_5,0.174,0.199,0.176,0.493,0.484,0.475
BCW_200002,Round_5,0.118,0.131,0.141,0.266,0.253,0.239
BCW_200003,Round_5,0.173,0.172,0.184,0.234,0.233,0.236
BCW_200004,Round_5,0.211,0.168,0.368,0.344,0.355,0.377
BCW_200005,Round_5,0.208,0.17,0.378,0.371,0.368,0.383
BCW_200006,Round_5,0.197,0.174,0.204,0.351,0.364,0.375
BCW_200007,Round_5,0.209,0.21,0.182,0.36,0.39,0.38
BCW_200008,Round_5,0.119,0.124,0.119,0.396,0.394,0.254
BCW_200009,Round_5,0.194,0.183,0.218,0.425,0.152,0.178
BCW_200010,Round_5,0.124,0.112,0.139,0.251,0.148,0.19
BCW_200011,Round_5,0.203,0.214,0.23,0.226,0.252,0.267
BCW_200012,Round_5,0.186,0.193,0.186,0.321,0.162,0.168
BCW_200013,Round_5,0.207,0.202,0.181,0.335,0.158,0.158
BCW_200014,Round_5,0.179,0.187,0.173,0.341,0.392,0.426
BCW_200015,Round_5,0.171,0.146,0.152,0.348,0.142,0.155
BCW_200016,Round_5,0.111,0.168,0.195,0.309,0.408,0.411
BCW_200017,Round_5,0.168,0.113,0.153,0.319,0.305,0.295
BCW_200018,Round_5,0.161,0.148,0.153,0.156,0.155,0.155
BCW_200019,Round_5,0.134,0.14,0.134,0.178,0.162,0.153
BCW_200020,Round_5,0.137,0.124,0.13,0.158,0.172,0.167
BCW_200021,Round_5,0.124,0.142,0.122,0.353,0.353,0.356
BCW_200022,Round_5,0.164,0.145,0.141,0.163,0.158,0.158
BCW_200023,Round_5,0.148,0.146,0.136,0.146,0.153,0.156
BCW_200024,Round_5,0.159,0.128,0.123,0.14,0.151,0.157
BCW_200025,Round_5,0.199,0.179,0.156,0.157,0.147,0.155
BCW_200026,Round_5,0.173,0.164,0.17,0.392,0.373,0.375
BCW_200027,Round_5,0.209,0.173,0.171,0.162,0.164,0.174
BCW_200028,Round_5,0.187,0.164,0.165,0.145,0.148,0.142
BCW_200029,Round_5,0.201,0.189,0.176,0.208,0.182,0.197
BCW_200030,Round_5,0.166,0.169,0.143,0.244,0.236,0.23
BCW_200031,Round_5,0.175,0.156,0.147,0.161,0.164,0.168
BCW_200032,Round_5,0.15,0.118,0.115,0.152,0.164,0.167
BCW_200033,Round_5,0.184,0.164,0.191,0.17,0.167,0.174
BCW_200034,Round_5,0.164,0.156,0.165,0.377,0.358,0.354
BCW_200035,Round_5,0.146,0.152,0.168,0.383,0.362,0.365
BCW_200036,Round_5,0.137,0.135,0.131,0.359,0.34,0.343
BCW_200037,Round_5,0.129,0.129,0.131,0.305,0.294,0.315
BCW_200038,Round_5,0.123,0.134,0.119,0.382,0.369,0.361
BCW_200039,Round_5,0.161,0.153,0.141,0.366,0.363,0.361
BCW_200040,Round_5,0.161,0.138,0.144,0.22,0.22,0.225
BCW_200041,Round_5,0.115,0.101,0.104,0.302,0.341,0.159
BCW_200042,Round_5,0.117,0.122,0.128,0.447,0.421,0.411
BCW_200043,Round_5,0.177,0.193,0.178,0.198,0.192,0.2
BCW_200044,Round_5,0.115,0.125,0.11,0.236,0.236,0.235
BCW_200045,Round_5,0.175,0.23,0.22,0.371,0.344,0.353
BCW_200046,Round_5,0.138,0.145,0.132,0.205,0.19,0.184
BCW_200047,Round_5,0.216,0.206,0.216,0.239,0.221,0.227
BCW_200048,Round_5,0.103,0.095,0.094,0.121,0.133,0.123
BCW_200049,Round_5,0.153,0.164,0.14,0.376,0.377,0.374
BCW_200050,Round_5,0.191,0.206,0.169,0.399,0.371,0.372
BCW_200051,Round_5,0.103,0.102,0.095,0.126,0.124,0.128
BCW_200052,Round_5,0.182,0.167,0.148,0.173,0.171,0.171
BCW_200053,Round_5,0.205,0.171,0.159,0.385,0.366,0.376
BCW_200054,Round_5,0.192,0.174,0.149,0.185,0.173,0.165
BCW_200055,Round_5,0.171,0.161,0.14,0.156,0.153,0.154
BCW_200056,Round_5,0.238,0.149,0.187,0.327,0.274,0.319
BCW_200057,Round_5,0.107,0.106,0.111,0.131,0.13,0.134
BCW_200058,Round_5,0.181,0.175,0.182,0.264,0.257,0.216
BCW_200059,Round_5,0.135,0.129,0.105,0.211,0.202,0.242
BCW_200060,Round_5,0.172,0.18,0.201,0.212,0.214,0.216
BCW_200061,Round_5,0.185,0.21,0.22,0.324,0.326,0.308
BCW_200062,Round_5,0.178,0.18,0.193,0.431,0.425,0.412
BCW_200063,Round_5,0.118,0.117,0.135,0.398,0.373,0.378
BCW_200064,Round_5,0.225,0.203,0.198,0.233,0.199,0.201
BCW_200065,Round_5,0.178,0.154,0.16,0.234,0.174,0.207
BCW_200066,Round_5,0.164,0.15,0.144,0.155,0.156,0.167
BCW_200067,Round_5,0.127,0.132,0.118,0.324,0.301,0.298
BCW_200068,Round_5,0.177,0.162,0.156,0.639,0.478,0.45
BCW_200069,Round_5,0.197,0.168,0.156,0.377,0.339,0.336
BCW_200070,Round_5,0.197,0.18,0.163,0.367,0.365,0.356
BCW_200071,Round_5,0.16,0.147,0.149,0.146,0.143,0.157
BCW_200072,Round_5,0.15,0.135,0.138,0.365,0.354,0.356
BCW_200073,Round_5,0.085,0.111,0.105,0.137,0.29,0.277
BCW_200074,Round_5,0.095,0.102,0.092,0.113,0.112,0.11
BCW_200076,Round_5,0.108,0.122,0.114,0.189,0.181,0.175
BCW_200077,Round_5,0.096,0.105,0.099,0.114,0.127,0.126
BCW_200078,Round_5,0.158,0.196,0.152,0.174,0.174,0.155
BCW_200079,Round_5,0.097,0.105,0.089,0.106,0.118,0.119
BCW_200080,Round_5,0.098,0.107,0.093,0.122,0.126,0.132
BCW_200081,Round_5,0.091,0.087,0.089,0.199,0.192,0.194
BCW_200082,Round_5,0.146,0.175,0.155,0.155,0.17,0.161
BCW_200083,Round_5,0.162,0.201,0.174,0.364,0.358,0.36
BCW_200084,Round_5,0.17,0.193,0.189,0.382,0.375,0.366
BCW_200085,Round_5,0.151,0.167,0.159,0.371,0.376,0.375
BCW_200086,Round_5,0.197,0.193,0.184,0.385,0.38,0.377
BCW_200087,Round_5,0.184,0.205,0.177,0.377,0.383,0.395
BCW_200089,Round_5,0.241,0.244,0.207,0.648,0.658,0.659
BCW_200091,Round_5,0.249,0.211,0.179,0.842,0.755,0.763
BCW_200092,Round_5,0.156,0.185,0.192,0.361,0.364,0.397
BCW_200093,Round_5,0.215,0.221,0.223,0.449,0.448,0.452
BCW_200094,Round_5,0.181,0.186,0.201,0.191,0.174,0.169
BCW_200095,Round_5,0.189,0.204,0.201,0.425,0.432,0.397
BCW_200096,Round_5,0.164,0.185,0.174,0.357,0.362,0.369
BCW_200097,Round_5,0.145,0.154,0.149,0.196,0.168,0.182
BCW_200098,Round_5,0.149,0.155,0.389,0.384,0.382,0.391
BCW_200099,Round_5,0.178,0.199,0.189,0.426,0.436,0.428
BCW_200100,Round_6,0.09,0.092,0.085,0.197,0.191,0.221
BCW_200101,Round_6,0.15,0.17,0.119,0.234,0.275,0.155
BCW_200102,Round_6,0.184,0.17,0.175,0.452,0.476,0.436
BCW_200103,Round_6,0.139,0.133,0.153,0.215,0.272,0.226
BCW_200104,Round_6,0.141,0.168,0.165,0.168,0.22,0.167
BCW_200105,Round_6,0.106,0.114,0.119,0.267,0.359,0.345
BCW_200106,Round_6,0.148,0.145,0.137,0.342,0.36,0.357
BCW_200107,Round_6,0.136,0.178,0.174,0.172,0.171,0.212
BCW_200108,Round_6,0.164,0.143,0.17,0.31,0.368,0.345
BCW_200109,Round_6,0.193,0.154,0.168,0.395,0.424,0.377
BCW_200110,Round_6,0.099,0.102,0.107,0.192,0.225,0.354
BCW_200111,Round_6,0.145,0.16,0.17,0.185,0.243,0.231
BCW_200112,Round_6,0.263,0.146,0.104,0.627,0.6,0.386
BCW_200113,Round_6,0.181,0.171,0.214,0.405,0.436,0.436
BCW_200114,Round_6,0.186,0.157,0.153,0.388,0.322,0.369
BCW_200115,Round_6,0.209,0.154,0.183,0.32,0.176,0.396
BCW_200116,Round_6,0.168,0.117,0.124,0.208,0.205,0.181
BCW_200117,Round_6,0.172,0.158,0.132,0.373,0.434,0.379
BCW_200118,Round_6,0.116,0.123,0.128,0.336,0.399,0.396
BCW_200119,Round_6,0.116,0.127,0.111,0.308,0.318,0.198
BCW_200120,Round_6,0.19,0.169,0.156,0.418,0.426,0.417
BCW_200121,Round_6,0.131,0.131,0.123,0.396,0.421,0.393
BCW_200122,Round_6,0.197,0.21,0.17,0.432,0.435,0.46
BCW_200123,Round_6,0.198,0.235,0.219,0.439,0.421,0.406
BCW_200124,Round_6,0.148,0.167,0.175,0.343,0.416,0.389
BCW_200126,Round_6,0.184,0.165,0.176,0.357,0.416,0.359
BCW_200127,Round_6,0.2,0.164,0.172,0.439,0.443,0.433
BCW_200128,Round_6,0.103,0.093,0.095,0.19,0.215,0.257
BCW_200129,Round_6,0.165,0.155,0.142,0.401,0.442,0.421
BCW_200130,Round_6,0.099,0.097,0.097,0.235,0.268,0.205
BCW_200131,Round_6,0.181,0.172,0.173,0.201,0.218,0.212
BCW_200132,Round_6,0.218,0.167,0.172,0.424,0.41,0.416
BCW_200133,Round_6,0.147,0.173,0.183,0.33,0.378,0.343
BCW_200134,Round_6,0.128,0.125,0.135,0.335,0.369,0.338
BCW_200135,Round_6,0.178,0.185,0.176,0.427,0.447,0.432
BCW_200136,Round_6,0.155,0.161,0.168,0.427,0.46,0.463
BCW_200137,Round_6,0.17,0.158,0.177,0.451,0.472,0.44
BCW_200138,Round_6,0.097,0.095,0.099,0.316,0.42,0.212
BCW_200139,Round_6,0.118,0.112,0.118,0.346,0.395,0.368
BCW_200140,Round_6,0.184,0.137,0.161,0.433,0.429,0.429
BCW_200141,Round_6,0.165,0.135,0.134,0.327,0.369,0.35
BCW_200142,Round_6,0.154,0.151,0.158,0.368,0.4,0.357
BCW_200145A,Round_6,0.115,0.12,0.113,0.206,0.281,0.254
BCW_200145B,Round_6,0.117,0.122,0.114,0.25,0.269,0.235
BCW_200146,Round_6,0.134,0.14,0.156,0.215,0.284,0.244
BCW_200147,Round_6,0.131,0.122,0.116,0.366,0.41,0.351
BCW_200148,Round_6,0.142,0.132,0.124,0.339,0.389,0.341
BCW_200149,Round_6,0.157,0.134,0.121,0.2,0.199,0.186
BCW_200150,Round_6,0.095,0.09,0.088,0.145,0.183,0.132
BCW_200151,Round_6,0.124,0.11,0.107,0.18,0.22,0.195
BCW_200152,Round_6,0.126,0.116,0.117,0.315,0.302,0.232
BCW_200153,Round_6,0.146,0.134,0.14,0.217,0.256,0.412
BCW_200154,Round_6,0.153,0.13,0.136,0.388,0.377,0.435
BCW_200155,Round_6,0.127,0.11,0.12,0.236,0.271,0.233
BCW_200156,Round_6,0.188,0.168,0.173,0.401,0.392,0.383
BCW_200157,Round_6,0.133,0.124,0.121,0.183,0.186,0.186
BCW_200158,Round_6,0.089,0.087,0.089,0.138,0.17,0.147
BCW_200159,Round_6,0.089,0.087,0.09,0.244,0.192,0.168
BCW_200160,Round_6,0.088,0.086,0.089,0.277,0.203,0.181
BCW_200161,Round_6,0.141,0.132,0.141,0.394,0.432,0.404
BCW_200162,Round_6,0.124,0.111,0.121,0.407,0.452,0.457
BCW_200163,Round_6,0.091,0.092,0.093,0.255,0.351,0.284
BCW_200164,Round_6,0.164,0.144,0.154,0.406,0.421,0.39
BCW_200165,Round_6,0.161,0.145,0.147,0.371,0.361,0.342
BCW_200166,Round_6,0.151,0.163,0.167,0.396,0.442,0.415
BCW_200167,Round_6,0.163,0.184,0.182,0.398,0.418,0.42
BCW_200168,Round_6,0.154,0.16,0.153,0.31,0.347,0.295
BCW_200169,Round_6,0.179,0.169,0.184,0.42,0.445,0.405
BCW_200170,Round_6,0.155,0.147,0.158,0.364,0.391,0.382
BCW_200171,Round_6,0.18,0.176,0.168,0.418,0.449,0.415
BCW_200172,Round_6,0.182,0.179,0.186,0.405,0.448,0.434
BCW_200173,Round_6,0.113,0.105,0.109,0.164,0.167,0.151
BCW_200174,Round_6,0.091,0.089,0.089,0.126,0.143,0.129
BCW_200175,Round_6,0.099,0.098,0.097,0.148,0.176,0.169
BCW_200176,Round_6,0.144,0.139,0.132,0.19,0.249,0.201
BCW_200177,Round_6,0.176,0.164,0.165,0.397,0.46,0.425
BCW_200178,Round_6,0.17,0.151,0.159,0.318,0.365,0.351
BCW_200179,Round_6,0.151,0.139,0.141,0.256,0.289,0.283
BCW_200180,Round_6,0.103,0.097,0.101,0.148,0.169,0.178
BCW_200181,Round_6,0.179,0.149,0.158,0.265,0.271,0.274
BCW_200182,Round_6,0.151,0.13,0.129,0.314,0.311,0.295
BCW_200183,Round_6,0.142,0.134,0.123,0.29,0.316,0.315
BCW_200184,Round_6,0.143,0.146,0.129,0.356,0.399,0.35
BCW_200185,Round_6,0.158,0.154,0.162,0.364,0.449,0.401
BCW_200186,Round_6,0.143,0.139,0.131,0.369,0.422,0.394
BCW_200187,Round_6,0.139,0.136,0.147,0.289,0.354,0.319
BCW_200188,Round_6,0.098,0.095,0.091,0.141,0.158,0.144
BCW_200189,Round_6,0.165,0.145,0.147,0.303,0.286,0.284
BCW_200191,Round_6,0.118,0.126,0.137,0.329,0.334,0.34
BCW_200192,Round_6,0.095,0.094,0.097,0.129,0.14,0.128
BCW_200193,Round_6,0.148,0.152,0.166,0.271,0.294,0.309
BCW_200194,Round_6,0.127,0.135,0.141,0.318,0.349,0.333
BCW_200195,Round_6,0.126,0.143,0.15,0.357,0.377,0.36
BCW_200196,Round_6,0.094,0.09,0.093,0.125,0.138,0.108
BCW_200197,Round_6,0.128,0.147,0.169,0.312,0.322,0.301
BCW_200198,Round_6,0.098,0.098,0.1,0.128,0.129,0.133
BCW_200199,Round_7,0.125,0.13,0.111,0.354,0.349,0.354
BCW_200200,Round_7,0.127,0.158,0.129,0.35,0.352,0.348
BCW_200201,Round_7,0.124,0.132,0.12,0.331,0.321,0.321
BCW_200202,Round_7,0.171,0.178,0.18,0.364,0.424,0.372
BCW_200203,Round_7,0.131,0.117,0.113,0.352,0.341,0.344
BCW_200204,Round_7,0.161,0.149,0.167,0.378,0.378,0.375
BCW_200205,Round_7,0.185,0.138,0.134,0.318,0.311,0.298
BCW_200206,Round_7,0.147,0.161,0.136,0.446,0.476,0.471
BCW_200207,Round_7,0.139,0.184,0.161,0.312,0.325,0.326
BCW_200208,Round_7,0.119,0.122,0.151,0.21,0.232,0.214
BCW_200209,Round_7,0.2,0.183,0.181,0.209,0.268,0.169
BCW_200210,Round_7,0.147,0.141,0.155,0.307,0.324,0.289
BCW_200211,Round_7,0.118,0.118,0.123,0.681,0.72,0.694
BCW_200212,Round_7,0.196,0.176,0.201,0.611,0.778,0.368
BCW_200213,Round_7,0.144,0.147,0.157,0.195,0.214,0.148
BCW_200214,Round_7,0.147,0.152,0.148,0.3,0.324,0.309
BCW_200215,Round_7,0.239,0.213,0.182,0.219,0.215,0.182
BCW_200216,Round_7,0.208,0.186,0.179,0.437,0.453,0.408
BCW_200217,Round_7,0.182,0.169,0.166,0.414,0.46,0.387
BCW_200218,Round_7,0.225,0.195,0.186,0.309,0.224,0.17
BCW_200219,Round_7,0.213,0.191,0.18,0.256,0.274,0.157
BCW_200221,Round_7,0.236,0.177,0.165,0.374,0.37,0.302
BCW_200222,Round_7,0.143,0.119,0.128,0.214,0.2,0.151
BCW_200223,Round_7,0.192,0.172,0.177,0.358,0.357,0.323
BCW_200224,Round_7,0.219,0.192,0.204,0.405,0.407,0.388
BCW_200225,Round_7,0.208,0.181,0.195,0.359,0.362,0.361
BCW_200226,Round_7,0.175,0.168,0.179,0.345,0.376,0.305
BCW_200227,Round_7,0.169,0.168,0.167,0.327,0.389,0.351
BCW_200228,Round_7,0.194,0.178,0.168,0.366,0.403,0.351
BCW_200229,Round_7,0.103,0.099,0.099,0.209,0.188,0.225
BCW_200230,Round_7,0.218,0.187,0.183,0.463,0.473,0.415
BCW_200231,Round_7,0.225,0.194,0.177,0.169,0.188,0.152
BCW_200232,Round_7,0.102,0.098,0.095,0.135,0.131,0.121
BCW_200233,Round_7,0.182,0.169,0.179,0.36,0.382,0.354
BCW_200234,Round_7,0.162,0.163,0.158,0.365,0.397,0.355
BCW_200235,Round_7,0.117,0.109,0.108,0.34,0.324,0.305
BCW_200236,Round_7,0.179,0.164,0.154,0.41,0.423,0.362
BCW_200237,Round_7,0.18,0.152,0.156,0.407,0.406,0.334
BCW_200238,Round_7,0.11,0.101,0.09,0.163,0.181,0.142
BCW_200239,Round_7,0.21,0.163,0.152,0.406,0.373,0.331
BCW_200240,Round_7,0.156,0.176,0.181,0.368,0.348,0.342
BCW_200241,Round_7,0.098,0.098,0.096,0.177,0.193,0.151
BCW_200242,Round_7,0.167,0.164,0.163,0.431,0.439,0.385
BCW_200243,Round_7,0.166,0.155,0.167,0.423,0.415,0.389
BCW_200244,Round_7,0.16,0.161,0.179,0.423,0.424,0.406
BCW_200245,Round_7,0.17,0.163,0.192,0.198,0.241,0.203
BCW_200246,Round_7,0.167,0.161,0.167,0.44,0.457,0.405
BCW_200247,Round_7,0.19,0.155,0.158,0.444,0.461,0.407
BCW_200248,Round_7,0.144,0.159,0.154,0.387,0.398,0.388
BCW_200249,Round_7,0.129,0.129,0.134,0.331,0.369,0.324
BCW_200254,Round_7,0.1,0.098,0.101,0.394,0.41,0.339
BCW_200255,Round_7,0.135,0.117,0.123,0.407,0.402,0.392
BCW_200256,Round_7,0.132,0.112,0.119,0.406,0.464,0.401
BCW_200258,Round_7,0.123,0.114,0.119,0.399,0.432,0.366
BCW_200259,Round_7,0.115,0.109,0.112,0.383,0.438,0.366
BCW_200260,Round_7,0.133,0.121,0.116,0.407,0.393,0.371
BCW_200261,Round_7,0.144,0.136,0.134,0.373,0.372,0.367
BCW_200262,Round_7,0.095,0.106,0.087,0.376,0.459,0.358
BCW_200263,Round_7,0.373,0.158,0.155,0.637,0.404,0.365
BCW_200264,Round_7,0.137,0.14,0.138,0.413,0.416,0.409
BCW_200265,Round_7,0.126,0.125,0.121,0.443,0.409,0.398
BCW_200273,Round_7,0.2,0.192,0.189,0.788,0.811,0.785
BCW_200277,Round_7,0.172,0.153,0.153,0.423,0.424,0.412
BCW_200280,Round_7,0.106,0.095,0.096,0.636,0.485,0.589
BCW_200282,Round_7,0.179,0.171,0.17,0.325,0.297,0.246
BCW_200283,Round_7,0.148,0.156,0.155,0.257,0.263,0.173
BCW_200284,Round_7,0.101,0.1,0.108,0.167,0.192,0.141
BCW_200285,Round_7,0.179,0.172,0.222,0.292,0.416,0.329
BCW_200291,Round_7,0.106,0.108,0.127,0.567,0.451,0.471
BCW_200295,Round_7,0.143,0.135,0.149,0.41,0.433,0.384
BCW_200296,Round_7,0.161,0.154,0.171,0.418,0.427,0.401
BCW_200299,Round_7,0.16,0.136,0.14,0.263,0.248,0.228
BCW_200300,Round_7,0.173,0.153,0.15,0.242,0.245,0.245
BCW_200301,Round_7,0.155,0.15,0.156,0.248,0.292,0.218
BCW_200303,Round_7,0.172,0.161,0.17,0.293,0.304,0.24
BCW_200304,Round_7,0.162,0.159,0.155,0.298,0.358,0.259
BCW_200305,Round_7,0.159,0.143,0.154,0.218,0.235,0.195
BCW_200306,Round_7,0.174,0.169,0.164,0.432,0.441,0.413
BCW_200309,Round_7,0.116,0.114,0.114,0.418,0.44,0.383
BCW_200310,Round_7,0.197,0.165,0.159,0.231,0.195,0.185
BCW_200313,Round_7,0.216,0.233,0.204,0.45,0.409,0.397
BCW_200314,Round_7,0.222,0.23,0.21,0.472,0.436,0.389
BCW_200316,Round_7,0.181,0.181,0.168,0.398,0.413,0.337
BCW_200318,Round_7,0.207,0.195,0.192,0.421,0.447,0.393
BCW_200320,Round_7,0.192,0.186,0.189,0.422,0.488,0.438
BCW_200321,Round_7,0.21,0.199,0.217,0.525,0.531,0.5
BCW_200322,Round_7,0.223,0.203,0.214,0.493,0.519,0.486
BCW_200323,Round_7,0.176,0.159,0.167,0.407,0.411,0.415
BCW_200324,Round_7,0.178,0.178,0.144,0.452,0.446,0.445
BCW_200325,Round_7,0.211,0.206,0.198,0.485,0.495,0.492
BCW_200326,Round_7,0.219,0.227,0.215,0.49,0.494,0.488
BCW_200329,Round_7,0.222,0.209,0.202,0.354,0.352,0.346
BCW_200330,Round_7,0.236,0.225,0.212,0.369,0.379,0.391
BCW_200331,Round_7,0.175,0.183,0.161,0.375,0.413,0.418
BCW_200332,Round_7,0.141,0.144,0.138,0.344,0.343,0.338
BCW_200333,Round_7,0.171,0.153,0.142,0.336,0.338,0.304
BCW_200334,Round_8,0.24,0.156,0.158,0.326,0.308,0.31
BCW_200335,Round_8,0.155,0.148,0.128,0.422,0.36,0.359
BCW_200336,Round_8,0.199,0.14,0.161,0.447,0.369,0.399
BCW_200337,Round_8,0.204,0.165,0.207,0.483,0.509,0.442
BCW_200338,Round_8,0.181,0.155,0.186,0.457,0.464,0.466
BCW_200339,Round_8,0.159,0.172,0.162,0.388,0.391,0.397
BCW_200340,Round_8,0.159,0.159,0.163,0.546,0.431,0.415
BCW_200341,Round_8,0.198,0.167,0.155,0.429,0.415,0.421
BCW_200342,Round_8,0.142,0.152,0.125,0.434,0.38,0.374
BCW_200343,Round_8,0.171,0.175,0.164,0.458,0.373,0.367
BCW_200344,Round_8,0.176,0.123,0.163,0.481,0.391,0.374
BCW_200345,Round_8,0.155,0.148,0.166,0.46,0.346,0.329
BCW_200346,Round_8,0.119,0.119,0.128,0.425,0.319,0.301
BCW_200347,Round_8,0.129,0.135,0.157,0.478,0.394,0.374
BCW_200348,Round_8,0.154,0.133,0.141,0.428,0.324,0.331
BCW_200349,Round_8,0.137,0.136,0.132,0.387,0.339,0.342
BCW_200353,Round_8,0.112,0.129,0.117,0.468,0.412,0.418
BCW_200354,Round_8,0.187,0.129,0.111,0.284,0.158,0.142
BCW_200355,Round_8,0.154,0.133,0.144,0.297,0.217,0.151
BCW_200356,Round_8,0.095,0.092,0.096,0.303,0.204,0.174
BCW_200358,Round_8,0.144,0.145,0.127,0.486,0.355,0.319
BCW_200359,Round_8,0.13,0.137,0.124,0.457,0.351,0.315
BCW_200360,Round_8,0.11,0.11,0.111,0.432,0.31,0.283
BCW_200361,Round_8,0.147,0.152,0.143,0.464,0.387,0.388
BCW_200362,Round_8,0.154,0.16,0.146,0.446,0.4,0.403
BCW_200363,Round_8,0.175,0.176,0.163,0.469,0.345,0.324
BCW_200364,Round_8,0.156,0.169,0.175,0.565,0.346,0.24
BCW_200367,Round_8,0.157,0.157,0.163,0.464,0.36,0.324
BCW_200368,Round_8,0.138,0.146,0.127,0.467,0.376,0.33
BCW_200369,Round_8,0.148,0.142,0.177,0.457,0.37,0.322
BCW_200370,Round_8,0.148,0.137,0.145,0.469,0.369,0.33
BCW_200371,Round_8,0.166,0.159,0.163,0.455,0.381,0.387
BCW_200372,Round_8,0.11,0.11,0.109,0.339,0.293,0.304
BCW_200373,Round_8,0.183,0.184,0.154,0.436,0.324,0.298
BCW_200374,Round_8,0.132,0.125,0.121,0.489,0.342,0.318
BCW_200375,Round_8,0.135,0.153,0.144,0.491,0.367,0.329
BCW_200376,Round_8,0.181,0.196,0.175,0.491,0.342,0.286
BCW_200377,Round_8,0.152,0.118,0.117,0.45,0.306,0.245
BCW_200378,Round_8,0.151,0.133,0.159,0.468,0.349,0.326
BCW_200379,Round_8,0.168,0.167,0.156,0.462,0.38,0.381
BCW_200380,Round_8,0.137,0.138,0.119,0.423,0.38,0.375
BCW_200381,Round_8,0.152,0.143,0.158,0.433,0.317,0.314
BCW_200382,Round_8,0.15,0.151,0.156,0.476,0.354,0.333
BCW_200383,Round_8,0.163,0.146,0.166,0.48,0.357,0.326
BCW_200384,Round_8,0.143,0.144,0.139,0.485,0.361,0.311
BCW_200385,Round_8,0.112,0.11,0.12,0.476,0.36,0.307
BCW_200386,Round_8,0.14,0.132,0.148,0.477,0.349,0.323
BCW_200387,Round_8,0.161,0.192,0.168,0.361,0.332,0.373
BCW_200388,Round_8,0.127,0.122,0.117,0.425,0.369,0.356
BCW_200389,Round_8,0.139,0.154,0.145,0.431,0.343,0.331
BCW_200390,Round_8,0.129,0.117,0.118,0.43,0.312,0.29
BCW_200391,Round_8,0.131,0.122,0.13,0.378,0.264,0.233
BCW_200393,Round_8,0.095,0.1,0.099,0.43,0.291,0.299
BCW_200397,Round_8,0.13,0.129,0.335,0.586,0.506,0.651
BCW_200398,Round_8,0.11,0.107,0.123,0.444,0.345,0.312
BCW_200399,Round_8,0.095,0.098,0.1,0.385,0.309,0.297
BCW_200400,Round_8,0.126,0.147,0.131,0.408,0.363,0.356
BCW_200401,Round_8,0.136,0.154,0.13,0.29,0.21,0.2
BCW_200402,Round_8,0.144,0.137,0.138,0.381,0.257,0.226
BCW_200403,Round_8,0.139,0.125,0.127,0.4,0.309,0.238
BCW_200404,Round_8,0.182,0.172,0.17,0.511,0.392,0.352
BCW_200405,Round_8,0.102,0.101,0.103,0.445,0.356,0.308
BCW_200406,Round_8,0.124,0.115,0.122,0.427,0.33,0.308
BCW_200407,Round_8,0.154,0.162,0.156,0.266,0.221,0.221
BCW_200408,Round_8,0.104,0.095,0.101,0.404,0.346,0.322
BCW_200409,Round_8,0.159,0.165,0.141,0.43,0.349,0.337
BCW_200410,Round_8,0.11,0.109,0.101,0.406,0.298,0.269
BCW_200411,Round_8,0.16,0.132,0.142,0.768,0.638,0.596
BCW_200412,Round_8,0.143,0.141,0.16,0.71,0.75,0.719
BCW_200413,Round_8,0.153,0.15,0.158,0.259,0.201,0.14
BCW_200414,Round_8,0.158,0.138,0.152,0.676,0.608,0.612
BCW_200417,Round_8,0.15,0.17,0.143,0.321,0.253,0.285
BCW_200418,Round_8,0.149,0.148,0.161,0.418,0.393,0.388
BCW_200419,Round_8,0.122,0.126,0.123,0.422,0.347,0.342
BCW_200420,Round_8,0.131,0.128,0.137,0.417,0.323,0.293
BCW_200421,Round_8,0.136,0.121,0.123,0.472,0.358,0.326
BCW_200422,Round_8,0.128,0.144,0.132,0.424,0.348,0.314
BCW_200423,Round_8,0.146,0.163,0.164,0.428,0.357,0.332
BCW_200424,Round_8,0.157,0.15,0.171,0.437,0.346,0.349
BCW_200425,Round_8,0.116,0.123,0.116,0.408,0.333,0.337
BCW_200426,Round_8,0.163,0.146,0.164,0.37,0.311,0.307
BCW_200427,Round_8,0.128,0.131,0.134,0.4,0.339,0.324
BCW_200428,Round_8,0.141,0.132,0.132,0.461,0.374,0.359
BCW_200429,Round_8,0.136,0.114,0.141,0.428,0.311,0.295
BCW_200430,Round_8,0.127,0.134,0.127,0.478,0.421,0.407
BCW_200431,Round_8,0.124,0.116,0.114,0.44,0.391,0.38
BCW_200433,Round_8,0.222,0.199,0.173,0.702,0.387,0.489
BCW_200439,Round_8,0.107,0.12,0.111,0.356,0.289,0.299
BCW_200441,Round_8,0.182,0.133,0.156,0.384,0.368,0.371
BCW_200450,Round_8,0.147,0.125,0.127,0.304,0.266,0.263
BCW_200452,Round_8,0.145,0.145,0.146,0.381,0.35,0.358
BCW_200453,Round_8,0.11,0.099,0.101,0.347,0.332,0.347
BCW_200454,Round_8,0.133,0.129,0.156,0.413,0.38,0.386
BCW_200455,Round_8,0.172,0.15,0.164,0.242,0.234,0.251
BCW_200456,Round_8,0.124,0.118,0.123,0.165,0.447,0.158
BCW_200461,Round_8,0.094,0.098,0.095,0.324,0.309,0.294
BCW_200466,Round_9,0.233,0.226,0.249,0.371,0.378,0.397
BCW_200467,Round_9,0.13,0.125,0.111,0.448,0.549,0.506
BCW_200475,Round_9,0.391,0.272,0.259,0.713,0.665,0.649
BCW_200479,Round_9,0.221,0.226,0.189,0.339,0.341,0.386
BCW_200480,Round_9,0.261,0.267,0.21,0.314,0.327,0.326
BCW_200481,Round_9,0.284,0.296,0.267,0.379,0.4,0.406
BCW_200482,Round_9,0.165,0.228,0.141,0.38,0.449,0.446
BCW_200483,Round_9,0.177,0.181,0.173,0.433,0.476,0.438
BCW_200484,Round_9,0.299,0.314,0.569,0.43,0.411,0.649
BCW_200485,Round_9,0.32,0.33,0.252,0.423,0.442,0.476
BCW_200493,Round_9,0.267,0.275,0.24,0.634,0.735,0.706
BCW_200493,Round_9,0.275,0.284,0.25,0.649,0.674,0.675
BCW_200494,Round_9,0.213,0.26,0.203,0.341,0.372,0.404
BCW_200485,Round_9,0.216,0.231,0.205,0.383,0.364,0.422
BCW_200501,Round_9,0.211,0.206,0.164,0.565,0.557,0.636
BCW_200503,Round_9,0.203,0.229,0.206,0.37,0.364,0.379
BCW_200506,Round_9,0.238,0.249,0.204,0.622,0.456,0.699
BCW_200507,Round_9,0.266,0.262,0.202,0.535,0.613,0.657
BCW_200510,Round_9,0.272,0.277,0.215,0.648,0.652,0.72
BCW_200511,Round_9,0.245,0.258,0.228,0.554,0.573,0.615
BCW_200512,Round_9,0.21,0.233,0.191,0.632,0.674,0.623
BCW_200513,Round_9,0.473,2.226,0.569,0.943,0.921,0.923
BCW_200515,Round_9,0.228,0.269,0.227,0.633,0.685,0.687
BCW_200518,Round_9,0.215,0.21,0.212,0.658,0.648,0.646
BCW_200520,Round_9,0.653,0.602,1.338,0.855,1.055,1.145
BCW_200522,Round_9,0.31,0.312,0.303,0.381,0.428,0.448
BCW_200523,Round_9,0.287,0.258,0.234,0.395,0.398,0.461
BCW_200524,Round_9,0.279,0.289,0.236,0.345,0.406,0.425
BCW_200530,Round_9,0.26,0.285,0.242,0.41,0.434,0.476
BCW_200532,Round_9,0.17,0.198,0.324,0.632,0.683,0.904
BCW_200534,Round_9,0.153,0.191,0.153,0.635,0.735,0.735
BCW_200536,Round_9,0.282,0.243,0.248,0.681,0.687,0.703
BCW_200540,Round_9,0.158,0.165,0.155,0.531,0.533,0.587
BCW_200541,Round_9,0.155,0.162,0.144,0.314,0.388,0.399
BCW_200543,Round_9,0.185,0.18,0.167,0.265,0.28,0.328
BCW_200546,Round_9,0.183,0.206,0.179,0.321,0.322,0.392
BCW_200548,Round_9,1.579,0.144,0.278,1.195,0.385,0.773
BCW_200549,Round_9,0.128,0.153,0.124,0.284,0.311,0.36
BCW_200550,Round_9,0.167,0.168,0.166,0.338,0.345,0.4
BCW_200551,Round_9,0.209,0.188,0.198,0.33,0.328,0.381
BCW_200554,Round_9,0.207,0.203,0.169,0.298,0.32,0.353
BCW_200558,Round_9,0.538,0.657,0.136,0.876,1.211,0.409
BCW_200560,Round_9,0.195,0.188,0.158,0.221,0.281,0.298
BCW_200562,Round_9,0.156,0.157,0.147,0.448,0.48,0.507
BCW_200563,Round_9,0.228,0.23,0.791,0.39,0.409,0.916
BCW_200571,Round_9,0.156,0.164,0.148,0.437,0.474,0.487
BCW_200572,Round_9,0.131,0.131,0.135,0.277,0.303,0.336
BCW_200573,Round_9,0.135,0.139,0.135,0.312,0.337,0.356
BCW_200575,Round_9,0.126,0.131,0.123,0.463,0.532,0.525
BCW_200576,Round_9,0.279,0.239,0.277,0.563,0.65,0.675
BCW_200579,Round_9,0.265,0.214,0.245,0.354,0.415,0.414
BCW_200580,Round_9,0.176,0.179,0.176,0.374,0.423,0.461
BCW_200581,Round_9,0.14,0.154,0.149,0.597,0.502,0.696
BCW_200582,Round_9,0.143,0.16,0.825,0.668,0.696,0.933
BCW_200583,Round_9,0.254,0.299,0.274,0.39,0.415,0.472
BCW_200584,Round_9,0.157,0.144,0.164,0.358,0.394,0.409
BCW_200585,Round_9,0.143,0.155,1.322,0.595,0.649,0.818
BCW_200586,Round_9,0.146,0.138,0.149,0.621,0.659,0.674
BCW_200590,Round_9,0.153,0.14,0.162,0.33,0.364,0.373
BCW_200591,Round_9,0.156,0.162,0.147,0.306,0.354,0.394
BCW_200592,Round_9,0.199,0.196,0.192,0.395,0.453,0.485
BCW_200594,Round_9,0.16,0.147,0.087,0.338,0.418,0.513
BCW_200595,Round_9,0.159,0.168,0.243,0.618,0.628,0.714
BCW_200597,Round_9,1.102,0.152,0.776,1.074,0.388,0.898
BCW_200601,Round_9,0.181,0.209,0.217,0.345,0.369,0.433
BCW_200602,Round_9,0.212,0.201,0.223,0.527,0.575,0.652
BCW_200603,Round_9,0.225,0.211,0.206,0.381,0.401,0.441
BCW_200604,Round_9,0.223,0.217,0.208,0.478,0.566,0.562
BCW_200605,Round_9,0.179,0.211,1.161,0.61,0.701,0.834
BCW_200606,Round_9,0.186,0.209,0.093,0.492,0.493,0.529
BCW_200608,Round_9,0.231,0.223,0.262,0.342,0.369,0.464
BCW_200609,Round_9,0.201,0.198,0.196,0.382,0.381,0.399
BCW_200610,Round_9,0.125,0.129,0.136,0.208,0.332,0.418
BCW_200611,Round_9,0.14,0.131,0.133,0.486,0.499,0.572
BCW_200613,Round_9,0.213,0.199,0.22,0.343,0.4,0.438
BCW_200614,Round_9,0.52,0.158,0.151,0.343,0.369,0.365
BCW_200615,Round_9,0.149,0.173,0.167,0.585,0.687,0.709
BCW_200616,Round_9,0.173,0.159,0.091,0.326,0.369,0.285
BCW_200617,Round_9,0.197,0.198,0.2,0.324,0.369,0.416
BCW_200618,Round_9,0.151,0.146,0.169,0.628,0.569,0.507
BCW_200622,Round_9,0.205,0.208,0.214,0.378,0.414,0.449
BCW_200623,Round_9,0.253,0.233,0.231,0.359,0.357,0.414
BCW_200625,Round_9,0.221,0.204,0.221,0.544,0.615,0.703
BCW_200626,Round_9,0.188,0.28,1.511,0.302,0.511,1.753
BCW_200627,Round_9,0.132,0.146,0.147,0.296,0.299,0.415
BCW_200629,Round_9,0.186,0.197,0.1,0.229,0.245,0.213
BCW_200628,Round_9,0.22,0.238,0.23,0.368,0.505,0.396
BCW_200630,Round_9,0.211,0.19,1.047,0.379,0.456,0.717
BCW_200631,Round_9,0.111,0.132,0.184,0.417,0.434,0.55
BCW_200632,Round_9,0.133,0.132,0.129,0.479,0.472,0.525
BCW_200635,Round_9,0.225,0.196,0.213,0.594,0.62,0.645
BCW_200636,Round_9,0.139,0.137,0.142,0.502,0.504,0.557
BCW_200637,Round_9,0.123,0.131,0.119,0.383,0.708,0.39
BCW_200638,Round_9,0.19,0.185,0.088,0.352,0.345,0.148
BCW_200639,Round_9,0.142,0.135,0.134,0.618,0.644,0.596
BCW_200640,Round_9,0.15,0.139,0.144,0.439,0.377,0.413
BCW_200643,Round_10,0.22,0.287,0.281,0.623,0.551,0.586
BCW_200645,Round_10,0.233,0.24,0.249,0.596,0.63,0.613
BCW_200652,Round_10,0.127,0.157,0.15,0.267,0.316,0.315
BCW_200653,Round_10,0.129,0.144,0.144,0.149,0.166,0.155
BCW_200654,Round_10,0.204,0.19,0.198,0.386,0.424,0.394
BCW_200655,Round_10,0.193,0.192,0.199,0.393,0.432,0.393
BCW_200657,Round_10,0.232,0.208,0.182,0.413,0.442,0.39
BCW_200658,Round_10,0.175,0.175,0.169,0.389,0.386,0.388
BCW_200664,Round_10,0.261,0.243,0.265,0.596,0.616,0.602
BCW_200666,Round_10,0.21,0.202,0.188,0.363,0.401,0.395
BCW_200668,Round_10,0.26,0.25,0.273,0.717,0.804,0.738
BCW_200670,Round_10,0.174,0.169,0.172,0.328,0.333,0.339
BCW_200671,Round_10,0.209,0.218,0.214,0.385,0.39,0.387
BCW_200672,Round_10,0.193,0.198,0.193,0.339,0.365,0.367
BCW_200673,Round_10,0.214,0.207,0.207,0.379,0.368,0.369
BCW_200674,Round_10,0.207,0.201,0.201,0.417,0.425,0.385
BCW_200675,Round_10,0.177,0.167,0.163,0.411,0.41,0.415
BCW_200676,Round_10,0.188,0.156,0.183,0.249,0.279,0.305
BCW_200677,Round_10,0.203,0.17,0.208,0.388,0.369,0.388
BCW_200678,Round_10,0.209,0.191,0.204,0.368,0.354,0.376
BCW_200679,Round_10,0.162,0.142,0.16,0.374,0.364,0.388
BCW_200680,Round_10,0.173,0.148,0.203,0.258,0.203,0.242
BCW_200681,Round_10,0.214,0.165,0.2,0.353,0.347,0.357
BCW_200682,Round_10,0.194,0.185,0.184,0.407,0.396,0.401
BCW_200683,Round_10,0.22,0.194,0.221,0.35,0.422,0.372
BCW_200684,Round_10,0.211,0.2,0.18,0.347,0.346,0.339
BCW_200685,Round_10,0.182,0.193,0.177,0.353,0.344,0.341
BCW_200686,Round_10,0.198,0.186,0.172,0.347,0.373,0.358
BCW_200687,Round_10,0.194,0.205,0.207,0.364,0.345,0.356
BCW_200689,Round_10,0.204,0.188,0.2,0.345,0.355,0.357
BCW_200690,Round_10,0.189,0.199,0.187,0.364,0.359,0.352
BCW_200691,Round_10,0.2,0.198,0.199,0.402,0.398,0.371
BCW_200692,Round_10,0.2,0.195,0.193,0.376,0.388,0.394
BCW_200693,Round_10,0.221,0.218,0.219,0.351,0.345,0.35
BCW_200694,Round_10,0.213,0.203,0.207,0.335,0.408,0.37
BCW_200695,Round_10,0.203,0.198,0.195,0.323,0.382,0.359
BCW_200696,Round_10,0.209,0.204,0.199,0.357,0.36,0.353
BCW_200697,Round_10,0.204,0.212,0.207,0.363,0.384,0.359
BCW_200698,Round_10,0.215,0.208,0.203,0.366,0.36,0.374
BCW_200699,Round_10,0.217,0.202,0.207,0.416,0.399,0.391
BCW_200700,Round_10,0.195,0.196,0.219,0.401,0.402,0.413
BCW_200701,Round_10,0.163,0.168,0.174,0.378,0.36,0.387
BCW_200702,Round_10,0.209,0.198,0.227,0.34,0.398,0.381
BCW_200703,Round_10,0.207,0.184,0.209,0.35,0.369,0.354
BCW_200706,Round_10,0.203,0.2,0.226,0.344,0.356,0.378
BCW_200707,Round_10,0.172,0.178,0.193,0.385,0.374,0.371
BCW_200708,Round_10,0.193,0.191,0.208,0.384,0.385,0.39
BCW_200709,Round_10,0.181,0.174,0.172,0.411,0.403,0.42
BCW_200710,Round_10,0.215,0.202,0.2,0.423,0.425,0.422
BCW_200720,Round_10,0.155,0.159,0.157,0.308,0.318,0.321
BCW_200721,Round_10,0.123,0.131,0.128,0.114,0.116,0.122
BCW_200726,Round_10,0.113,0.112,0.109,0.102,0.112,0.113
BCW_200728,Round_10,0.163,0.158,0.158,0.315,0.319,0.314
BCW_200729,Round_10,0.116,0.113,0.116,0.114,0.119,0.119
BCW_200730,Round_10,0.137,0.138,0.141,0.12,0.118,0.122
BCW_200731,Round_10,0.129,0.124,0.126,0.134,0.134,0.135
BCW_200732,Round_10,0.137,0.141,0.141,0.136,0.146,0.151
BCW_200733,Round_10,0.134,0.147,0.139,0.116,0.123,0.131
BCW_200734,Round_10,0.18,0.178,0.179,0.311,0.31,0.317
BCW_200747,Round_10,0.17,0.165,0.155,0.365,0.377,0.385
BCW_200748,Round_10,0.203,0.212,0.201,0.335,0.346,0.329
BCW_200749,Round_10,0.185,0.186,0.198,0.387,0.394,0.397
BCW_200750,Round_10,0.211,0.21,0.226,0.355,0.341,0.365
BCW_200751,Round_10,0.21,0.202,0.212,0.396,0.375,0.389
BCW_200752,Round_10,0.213,0.233,0.225,0.383,0.396,0.39
BCW_200753,Round_10,0.189,0.212,0.21,0.355,0.347,0.35
BCW_200754,Round_10,0.164,0.179,0.18,0.32,0.32,0.332
BCW_200755,Round_10,0.169,0.183,0.179,0.303,0.325,0.323
BCW_200773,Round_10,0.189,0.186,0.191,0.327,0.332,0.331
BCW_200774,Round_10,0.15,0.153,0.159,0.362,0.384,0.39
BCW_200777,Round_10,0.176,0.184,0.175,0.37,0.37,0.374
BCW_200778,Round_10,0.183,0.197,0.225,0.388,0.393,0.392
BCW_200779,Round_10,0.203,0.178,0.202,0.387,0.395,0.409
BCW_200780,Round_10,0.2,0.177,0.196,0.326,0.327,0.339
BCW_200781,Round_10,0.184,0.162,0.18,0.344,0.324,0.345
BCW_200782,Round_10,0.23,0.202,0.215,0.326,0.348,0.188
BCW_200784,Round_10,0.197,0.17,0.187,0.34,0.339,0.323
BCW_200786,Round_10,0.174,0.154,0.165,0.553,0.592,0.575
BCW_200788,Round_10,0.182,0.155,0.165,0.324,0.297,0.304
BCW_200789,Round_10,0.227,0.211,0.229,0.471,0.497,0.588
BCW_200792,Round_10,0.153,0.151,0.146,0.154,0.163,0.157
BCW_200794,Round_10,0.114,0.118,0.113,0.446,0.671,0.462
BCW_200795,Round_10,0.183,0.169,0.164,0.137,0.141,0.151
BCW_200799,Round_10,0.128,0.127,0.127,0.181,0.19,0.192
BCW_200802,Round_10,0.142,0.144,0.139,0.219,0.217,0.234
BCW_200805,Round_10,0.121,0.122,0.118,0.257,0.24,0.232
BCW_200807,Round_10,0.156,0.159,0.151,0.356,0.334,0.339
BCW_200816,Round_10,0.153,0.142,0.141,0.135,0.131,0.132
BCW_200819,Round_10,0.129,0.125,0.13,0.13,0.128,0.127
BCW_200822,Round_10,0.148,0.147,0.153,0.29,0.305,0.3
BCW_200823,Round_10,0.137,0.134,0.142,0.254,0.256,0.267
BCW_200824,Round_10,0.136,0.132,0.147,0.244,0.264,0.236
BCW_200825,Round_10,0.132,0.133,0.136,0.338,0.331,0.306
BCW_200826,Round_10,0.132,0.137,0.141,0.317,0.315,0.29
BCW_200827,Round_10,0.139,0.14,0.147,0.243,0.255,0.249
BCW_200829,Round_10,0.137,0.124,0.156,0.171,0.182,0.167
BCW_200830,Round_11,0.136,0.128,0.133,0.249,0.254,0.273
BCW_200831,Round_11,0.162,0.156,0.164,0.292,0.298,0.282
BCW_200839,Round_11,0.129,0.128,0.124,0.145,0.144,0.128
BCW_200840,Round_11,0.18,0.165,0.174,0.182,0.206,0.187
BCW_200841,Round_11,0.185,0.186,0.167,0.201,0.189,0.17
BCW_200842,Round_11,0.19,0.171,0.154,0.175,0.189,0.162
BCW_200843,Round_11,0.134,0.116,0.136,0.134,0.126,0.133
BCW_200844,Round_11,0.173,0.174,0.141,0.176,0.191,0.19
BCW_200845,Round_11,0.152,0.169,0.149,0.158,0.153,0.142
BCW_200846,Round_11,0.156,0.17,0.143,0.211,0.189,0.182
BCW_200848,Round_11,0.175,0.199,0.174,0.383,0.381,0.344
BCW_200849,Round_11,0.207,0.213,0.221,0.38,0.406,0.356
BCW_200850,Round_11,0.18,0.2,0.226,0.385,0.385,0.343
BCW_200851,Round_11,0.192,0.179,0.211,0.377,0.377,0.327
BCW_200852,Round_11,0.192,0.183,0.2,0.367,0.367,0.339
BCW_200853,Round_11,0.176,0.183,0.199,0.379,0.362,0.313
BCW_200854,Round_11,0.194,0.18,0.182,0.387,0.357,0.353
BCW_200873,Round_11,0.185,0.198,0.208,0.402,0.366,0.351
BCW_200875,Round_11,0.18,0.2,0.201,0.408,0.384,0.343
BCW_200876,Round_11,0.201,0.203,0.195,0.408,0.397,0.344
BCW_200877,Round_11,0.197,0.205,0.182,0.378,0.388,0.349
BCW_200878,Round_11,0.196,0.201,0.203,0.379,0.402,0.346
BCW_200884,Round_11,0.186,0.19,0.207,0.375,0.377,0.341
BCW_200888,Round_11,0.177,0.196,0.191,0.356,0.365,0.33
BCW_200889,Round_11,0.167,0.176,0.166,0.38,0.385,0.376
BCW_200890,Round_11,0.152,0.159,0.175,0.398,0.374,0.353
BCW_200893,Round_11,0.183,0.181,0.182,0.425,0.401,0.351
BCW_200894,Round_11,0.146,0.187,0.171,0.391,0.377,0.305
BCW_200895,Round_11,0.193,0.208,0.18,0.411,0.411,0.354
BCW_200896,Round_11,0.181,0.201,0.19,0.383,0.392,0.342
BCW_200897,Round_11,0.174,0.193,0.206,0.352,0.343,0.3
BCW_200898,Round_11,0.183,0.208,0.182,0.398,0.383,0.36
BCW_200899,Round_11,0.213,0.192,0.19,0.388,0.388,0.357
BCW_200900,Round_11,0.185,0.175,0.197,0.43,0.394,0.377
BCW_200901,Round_11,0.166,0.241,0.222,0.379,0.466,0.451
BCW_200905,Round_11,0.206,0.222,0.222,0.384,0.368,0.311
BCW_200906,Round_11,0.177,0.214,0.199,0.423,0.406,0.35
BCW_200907,Round_11,0.176,0.187,0.199,0.396,0.385,0.319
BCW_200908,Round_11,0.184,0.201,0.195,0.395,0.384,0.33
BCW_200911,Round_11,0.18,0.214,0.183,0.392,0.356,0.333
BCW_200913,Round_11,0.192,0.192,0.191,0.367,0.349,0.329
BCW_200914,Round_11,0.187,0.182,0.199,0.388,0.342,0.316
BCW_200916,Round_11,0.19,0.177,0.202,0.399,0.375,0.322
BCW_200917,Round_11,0.17,0.182,0.186,0.37,0.315,0.291
BCW_200918,Round_11,0.192,0.207,0.208,0.439,0.396,0.328
BCW_200919,Round_11,0.161,0.177,0.208,0.393,0.382,0.319
BCW_200921,Round_11,0.164,0.186,0.184,0.242,0.228,0.174
BCW_200922,Round_11,0.157,0.183,0.166,0.154,0.164,0.146
BCW_200923,Round_11,0.169,0.157,0.164,0.202,0.153,0.189
BCW_200924,Round_11,0.186,0.18,0.208,0.275,0.233,0.201
BCW_200925,Round_11,0.179,0.171,0.19,0.29,0.226,0.165
BCW_200927,Round_11,0.166,0.16,0.188,0.23,0.225,0.165
BCW_200929,Round_11,0.18,0.18,0.198,0.311,0.279,0.214
BCW_200930,Round_11,0.167,0.163,0.192,0.256,0.256,0.203
BCW_200932,Round_11,0.182,0.163,0.191,0.23,0.216,0.173
BCW_200933,Round_11,0.221,0.198,0.21,0.465,0.432,0.4
BCW_200934,Round_11,0.16,0.169,0.171,0.398,0.416,0.392
BCW_200935,Round_11,0.206,0.172,0.206,0.413,0.389,0.352
BCW_200936,Round_11,0.127,0.129,0.138,0.391,0.378,0.327
BCW_200937,Round_11,0.198,0.198,0.206,0.409,0.386,0.332
BCW_200940,Round_11,0.172,0.084,0.107,0.352,0.134,0.103
BCW_200941,Round_11,0.129,0.13,0.152,0.222,0.222,0.168
BCW_200942,Round_11,0.155,0.154,0.178,0.343,0.327,0.279
BCW_200946,Round_11,0.171,0.185,0.171,0.34,0.388,0.275
BCW_200947,Round_11,0.185,0.189,0.211,0.382,0.379,0.366
BCW_200948,Round_11,0.159,0.198,0.185,0.44,0.422,0.377
BCW_200949,Round_11,0.135,0.135,0.165,0.255,0.226,0.179
BCW_200953,Round_11,0.188,0.165,0.198,0.267,0.253,0.218
BCW_200979,Round_11,0.159,0.148,0.183,0.237,0.217,0.178
BCW_200980,Round_11,0.176,0.17,0.194,0.232,0.217,0.175
BCW_200981,Round_11,0.174,0.15,0.185,0.241,0.227,0.186
BCW_200982,Round_11,0.194,0.173,0.32,0.417,0.402,0.369
BCW_200985,Round_11,0.151,0.144,0.152,0.138,0.144,0.129
BCW_200987,Round_11,0.117,0.118,0.141,0.299,0.29,0.257
BCW_200995,Round_11,0.174,0.246,0.175,0.202,0.182,0.139
BCW_201004,Round_11,0.166,0.161,0.187,0.402,0.397,0.34
BCW_201005,Round_11,0.156,0.185,0.387,0.414,0.398,0.34
BCW_201006,Round_11,0.123,0.115,0.14,0.207,0.188,0.147
BCW_201009,Round_11,0.106,0.104,0.134,0.154,0.154,0.123
BCW_201011,Round_11,0.118,0.119,0.155,0.133,0.138,0.125
BCW_201012,Round_11,0.116,0.119,0.117,0.153,0.152,0.145
BCW_201015,Round_11,0.114,0.114,0.135,0.138,0.138,0.122
BCW_201015,Round_11,0.11,0.11,0.126,0.174,0.154,0.122
BCW_201017,Round_11,0.169,0.182,0.188,0.403,0.391,0.352
BCW_201018,Round_11,0.195,0.202,0.216,0.339,0.335,0.289
BCW_201022,Round_11,0.106,0.115,0.136,0.15,0.161,0.128
BCW_201023,Round_11,0.11,0.119,0.145,0.151,0.134,0.12
BCW_201026,Round_11,0.118,0.125,0.137,0.142,0.132,0.124
BCW_201027,Round_11,0.123,0.115,0.117,0.162,0.16,0.154
BCW_201029,Round_11,0.134,0.121,0.123,0.148,0.152,0.148
BCW_201030,Round_11,0.126,0.124,0.129,0.145,0.148,0.142
BCW_201031,Round_11,0.117,0.118,0.124,0.148,0.157,0.137
BCW_201032,Round_11,0.114,0.119,0.116,0.165,0.145,0.133
BCW_201033,Round_11,0.12,0.121,0.129,0.149,0.159,0.148
BCW_201034,Round_11,0.11,0.108,0.11,0.144,0.129,0.129
BCW_201035,Round_11,0.114,0.108,0.113,0.203,0.152,0.131
BCW_201037,Round_12,0.088,0.092,0.104,0.144,0.118,0.145
BCW_201038,Round_12,0.107,0.105,0.103,0.125,0.117,0.132
BCW_201039,Round_12,0.1,0.104,0.102,0.245,0.238,0.251
BCW_201041,Round_12,0.118,0.109,0.149,0.455,0.454,0.484
BCW_201042,Round_12,0.11,0.121,0.12,0.383,0.371,0.4
BCW_201043,Round_12,0.127,0.153,0.167,0.39,0.382,0.401
BCW_201047,Round_12,0.098,0.123,0.125,0.353,0.35,0.375
BCW_201048,Round_12,0.138,0.149,0.152,0.397,0.406,0.402
BCW_201049,Round_12,0.095,0.086,0.14,0.305,0.297,0.322
BCW_201050,Round_12,0.163,0.146,0.146,0.274,0.319,0.22
BCW_201052,Round_12,0.146,0.181,0.167,0.194,0.262,0.309
BCW_201053,Round_12,0.107,0.117,0.148,0.314,0.358,0.376
BCW_201055,Round_12,0.134,0.162,0.168,0.135,0.155,0.238
BCW_201057,Round_12,0.138,0.145,0.169,0.34,0.362,0.373
BCW_201060,Round_12,0.104,0.119,0.125,0.345,0.349,0.389
BCW_201061,Round_12,0.166,0.135,0.176,0.182,0.167,0.212
BCW_201062,Round_12,0.186,0.128,0.176,0.155,0.152,0.2
BCW_201063,Round_12,0.167,0.154,0.141,0.265,0.293,0.306
BCW_201064,Round_12,0.107,0.101,0.106,0.217,0.245,0.276
BCW_201065,Round_12,0.128,0.124,0.154,0.263,0.289,0.305
BCW_201066,Round_12,0.101,0.099,0.109,0.218,0.217,0.281
BCW_201067,Round_12,0.145,0.133,0.151,0.208,0.265,0.312
BCW_201068,Round_12,0.097,0.102,0.11,0.212,0.228,0.255
BCW_201069,Round_12,0.156,0.129,0.17,0.166,0.159,0.181
BCW_201072,Round_12,0.162,0.155,0.167,0.381,0.381,0.401
BCW_201074,Round_12,0.147,0.137,0.148,0.14,0.171,0.198
BCW_201076,Round_12,0.142,0.133,0.139,0.344,0.357,0.383
BCW_201077,Round_12,0.106,0.112,0.124,0.359,0.385,0.419
BCW_201080,Round_12,0.101,0.11,0.116,0.108,0.124,0.148
BCW_201086,Round_12,0.118,0.107,0.126,0.124,0.14,0.185
BCW_201087,Round_12,0.114,0.113,0.119,0.18,0.199,0.228
BCW_201089,Round_12,0.112,0.102,0.113,0.216,0.224,0.242
BCW_201092,Round_12,0.177,0.127,0.15,0.136,0.134,0.151
BCW_201095,Round_12,0.149,0.147,0.155,0.115,0.13,0.155
BCW_201096,Round_12,0.138,0.137,0.143,0.113,0.128,0.161
BCW_201099,Round_12,0.161,0.15,0.152,0.373,0.394,0.422
BCW_201101,Round_12,0.119,0.123,0.136,0.298,0.305,0.347
BCW_201102,Round_12,0.152,0.156,0.145,0.352,0.395,0.389
BCW_201104,Round_12,0.148,0.186,0.187,0.369,0.399,0.434
BCW_201105,Round_12,0.157,0.116,0.137,0.196,0.181,0.211
BCW_201106,Round_12,0.116,0.118,0.121,0.279,0.27,0.285
BCW_201108,Round_12,0.125,0.122,0.133,0.314,0.324,0.353
BCW_201109,Round_12,0.145,0.164,0.138,0.349,0.356,0.379
BCW_201110,Round_12,0.157,0.171,0.172,0.327,0.368,0.422
BCW_201111,Round_12,0.147,0.155,0.161,0.13,0.161,0.181
BCW_201113,Round_12,0.131,0.141,0.15,0.344,0.367,0.422
BCW_201114,Round_12,0.151,0.17,0.169,0.323,0.339,0.386
BCW_201126,Round_12,0.154,0.125,0.167,0.374,0.377,0.388
BCW_201130,Round_12,0.136,0.15,0.165,0.35,0.348,0.362
BCW_201132,Round_12,0.16,0.139,0.159,0.396,0.397,0.452
BCW_201133,Round_12,0.143,0.146,0.14,0.344,0.35,0.392
BCW_201134,Round_12,0.11,0.113,0.131,0.523,0.212,0.39
BCW_201159,Round_12,0.123,0.106,0.133,0.118,0.127,0.178
BCW_201170,Round_12,0.101,0.098,0.103,0.106,0.125,0.155
BCW_201174,Round_12,0.092,0.106,0.105,0.104,0.122,0.157
BCW_201183,Round_12,0.135,0.13,0.149,0.275,0.264,0.304
BCW_201188,Round_12,0.126,0.137,0.122,0.139,0.142,0.159
BCW_201189,Round_12,0.116,0.118,0.112,0.109,0.11,0.146
BCW_201180,Round_12,0.116,0.107,0.115,0.108,0.119,0.165
BCW_201191,Round_12,0.174,0.154,0.178,0.367,0.379,0.42
BCW_201192,Round_12,0.14,0.152,0.159,0.26,0.28,0.31
BCW_201193,Round_12,0.118,0.111,0.107,0.274,0.279,0.343
BCW_201194,Round_12,0.107,0.12,0.126,0.242,0.24,0.269
BCW_201195,Round_12,0.115,0.104,0.116,0.201,0.212,0.227
BCW_201196,Round_12,0.106,0.106,0.103,0.186,0.169,0.184
BCW_201197,Round_12,0.117,0.124,0.124,0.206,0.22,0.258
BCW_201198,Round_12,0.117,0.122,0.129,0.27,0.248,0.311
BCW_201199,Round_12,0.101,0.102,0.111,0.27,0.279,0.314
BCW_201200,Round_12,0.121,0.122,0.126,0.118,0.131,0.165
BCW_201201,Round_12,0.136,0.14,0.14,0.239,0.243,0.293
BCW_201202,Round_12,0.117,0.116,0.123,0.113,0.12,0.145
BCW_201204,Round_12,0.121,0.106,0.12,0.121,0.12,0.137
BCW_201205,Round_12,0.157,0.145,0.144,0.401,0.39,0.4
BCW_201206,Round_12,0.13,0.125,0.131,0.121,0.125,0.175
BCW_201207,Round_12,0.134,0.139,0.159,0.173,0.168,0.214
BCW_201209,Round_12,0.126,0.14,0.156,0.128,0.131,0.174
BCW_201210,Round_12,0.091,0.092,0.094,0.106,0.118,0.161
BCW_201211,Round_12,0.108,0.098,0.117,0.282,0.288,0.349
BCW_201212,Round_12,0.132,0.151,0.148,0.123,0.129,0.153
BCW_201213,Round_12,0.177,0.134,0.166,0.578,0.577,0.599
BCW_201226,Round_12,0.147,0.152,0.159,0.139,0.134,0.155
BCW_201228,Round_12,0.143,0.15,0.161,0.128,0.129,0.163
BCW_201235,Round_12,0.151,0.155,0.17,0.124,0.126,0.148
BCW_201239,Round_12,0.135,0.153,0.174,0.122,0.124,0.168
BCW_201241,Round_12,0.16,0.155,0.163,0.124,0.124,0.176
BCW_201242,Round_12,0.117,0.107,0.127,0.118,0.116,0.156
BCW_201255,Round_12,0.088,0.094,0.093,0.105,0.104,0.144
BCW_201256,Round_12,0.177,0.138,0.173,0.254,0.292,0.293
BCW_201264,Round_12,0.161,0.14,0.159,0.399,0.385,0.397
BCW_201265,Round_12,0.119,0.115,0.126,0.346,0.34,0.358
BCW_201266,Round_12,0.127,0.127,0.13,0.374,0.38,0.387
BCW_201269,Round_12,0.124,0.128,0.127,0.347,0.345,0.355
BCW_201270,Round_12,0.129,0.117,0.131,0.211,0.197,0.234
BCW_201276,Round_12,0.142,0.133,0.147,0.353,0.34,0.375
BCW_201272,Round_12,0.122,0.136,0.149,0.365,0.363,0.386
BCW_201279,Round_12,0.152,0.154,0.163,0.403,0.43,0.404
BCW_201283,Round_13,0.14,0.147,0.135,0.265,0.255,0.273
BCW_201284,Round_13,0.162,0.14,0.142,0.301,0.307,0.328
BCW_201285,Round_13,0.157,0.148,0.136,0.243,0.226,0.265
BCW_201286,Round_13,0.173,0.156,0.16,0.314,0.309,0.343
BCW_201287,Round_13,0.169,0.133,0.137,0.244,0.283,0.285
BCW_201288,Round_13,0.166,0.141,0.138,0.299,0.312,0.336
BCW_201289,Round_13,0.13,0.118,0.112,0.344,0.326,0.368
BCW_201294,Round_13,0.223,0.188,0.172,0.173,0.175,0.19
BCW_201296,Round_13,0.153,0.163,0.164,0.285,0.288,0.274
BCW_201298,Round_13,0.119,0.127,0.129,0.357,0.343,0.385
BCW_201299,Round_13,0.116,0.11,0.111,0.12,0.11,0.143
BCW_201300,Round_13,0.158,0.147,0.149,0.31,0.285,0.318
BCW_201301,Round_13,0.148,0.135,0.138,0.314,0.314,0.345
BCW_201305,Round_13,0.125,0.116,0.122,0.308,0.315,0.36
BCW_201316,Round_13,0.177,0.158,0.157,0.266,0.287,0.276
BCW_201317,Round_13,0.134,0.122,0.125,0.333,0.296,0.324
BCW_201318,Round_13,0.127,0.119,0.132,0.347,0.321,0.339
BCW_201319,Round_13,0.126,0.12,0.119,0.378,0.369,0.363
BCW_201320,Round_13,0.12,0.124,0.119,0.124,0.117,0.141
BCW_201321,Round_13,0.118,0.117,0.121,0.121,0.12,0.147
BCW_201322,Round_13,0.122,0.11,0.117,0.117,0.11,0.143
BCW_201323,Round_13,0.099,0.099,0.1,0.114,0.107,0.14
BCW_201324,Round_13,0.188,0.151,0.176,0.141,0.144,0.188
BCW_201325,Round_13,0.197,0.17,0.195,0.15,0.158,0.183
BCW_201333,Round_13,0.159,0.148,0.155,0.232,0.212,0.234
BCW_201343,Round_13,0.125,0.133,0.126,0.178,0.209,0.245
BCW_201344,Round_13,0.144,0.127,0.139,0.136,0.119,0.145
BCW_201345,Round_13,0.151,0.13,0.152,0.179,0.157,0.185
BCW_201346,Round_13,0.21,0.212,0.196,0.359,0.356,0.372
BCW_201347,Round_13,0.143,0.127,0.126,0.261,0.264,0.26
BCW_201348,Round_13,0.134,0.122,0.138,0.126,0.141,0.159
BCW_201349,Round_13,0.096,0.095,0.162,0.112,0.107,0.133
BCW_201351,Round_13,0.23,0.198,0.189,0.308,0.308,0.278
BCW_201352,Round_13,0.123,0.126,0.121,0.136,0.122,0.153
BCW_201353,Round_13,0.208,0.19,0.199,0.281,0.295,0.287
BCW_201354,Round_13,0.118,0.111,0.122,0.117,0.117,0.111
BCW_201355,Round_13,0.128,0.112,0.125,0.286,0.292,0.3
BCW_201356,Round_13,0.122,0.129,0.126,0.134,0.137,0.152
BCW_201357,Round_13,0.226,0.218,0.232,0.358,0.365,0.385
BCW_201358,Round_13,0.113,0.116,0.11,0.121,0.113,0.135
BCW_201359,Round_13,0.116,0.105,0.109,0.119,0.118,0.134
BCW_201360,Round_13,0.097,0.092,0.094,0.119,0.109,0.141
BCW_201361,Round_13,0.212,0.182,0.193,0.318,0.321,0.329
BCW_201362,Round_13,0.136,0.118,0.13,0.152,0.136,0.168
BCW_201363,Round_13,0.116,0.116,0.114,0.118,0.12,0.151
BCW_201364,Round_13,0.219,0.208,0.199,0.346,0.353,0.357
BCW_201365,Round_13,0.148,0.132,0.135,0.132,0.128,0.154
BCW_201366,Round_13,0.131,0.122,0.118,0.149,0.146,0.158
BCW_201367,Round_13,0.131,0.125,0.123,0.129,0.126,0.15
BCW_201370,Round_13,0.119,0.118,0.118,0.126,0.126,0.148
BCW_201371,Round_13,0.117,0.12,0.106,0.126,0.122,0.135
BCW_201372,Round_13,0.2,0.184,0.191,0.323,0.314,0.329
BCW_201373,Round_13,0.119,0.123,0.115,0.13,0.137,0.153
BCW_201374,Round_13,0.116,0.114,0.105,0.132,0.134,0.132
BCW_201375,Round_13,0.122,0.121,0.111,0.124,0.123,0.136
BCW_201376,Round_13,0.12,0.122,0.11,0.175,0.155,0.166
BCW_201377,Round_13,0.094,0.093,0.088,0.113,0.112,0.127
BCW_201378,Round_13,0.108,0.106,0.1,0.158,0.193,0.208
BCW_201379,Round_13,0.096,0.096,0.093,0.119,0.119,0.131
BCW_201381,Round_13,0.108,0.099,0.101,0.144,0.132,0.15
BCW_201382,Round_13,0.105,0.102,0.102,0.118,0.123,0.137
BCW_201383,Round_13,0.19,0.16,0.16,0.271,0.282,0.292
BCW_201384,Round_13,0.19,0.164,0.174,0.276,0.287,0.299
BCW_201386,Round_13,0.083,0.084,0.148,0.098,0.094,0.378
BCW_201387,Round_13,0.13,0.143,0.132,0.364,0.363,0.361
BCW_201388,Round_13,0.148,0.167,0.171,0.696,0.704,0.673
BCW_201389,Round_13,0.182,0.169,0.166,0.376,0.362,0.377
BCW_201390,Round_13,0.128,0.121,0.122,0.345,0.333,0.343
BCW_201391,Round_13,0.108,0.106,0.103,0.128,0.134,0.15
BCW_201392,Round_13,0.122,0.12,0.119,0.131,0.136,0.169
BCW_201393,Round_13,0.127,0.118,0.122,0.141,0.139,0.166
BCW_201394,Round_13,0.117,0.114,0.112,0.131,0.125,0.142
BCW_201396,Round_13,0.095,0.096,0.096,0.125,0.109,0.12
BCW_201397,Round_13,0.091,0.094,0.09,0.13,0.12,0.129
BCW_201398,Round_13,0.08,0.083,0.083,0.108,0.116,0.12
BCW_201399,Round_13,0.125,0.12,0.116,0.166,0.157,0.145
BCW_201400,Round_13,0.131,0.129,0.128,0.234,0.238,0.241
BCW_201401,Round_13,0.085,0.083,0.087,0.114,0.107,0.152
BCW_201402,Round_13,0.088,0.086,0.085,0.11,0.108,0.136
BCW_201403,Round_13,0.098,0.096,0.094,0.114,0.109,0.129
BCW_201404,Round_13,0.1,0.1,0.101,0.203,0.153,0.14
BCW_201413,Round_13,0.135,0.131,0.129,0.174,0.155,0.211
BCW_201420,Round_13,0.118,0.12,0.123,0.316,0.318,0.352
BCW_201421,Round_13,0.152,0.137,0.157,0.233,0.222,0.226
BCW_201422,Round_13,0.134,0.134,0.143,0.341,0.325,0.344
BCW_201423,Round_13,0.124,0.122,0.133,0.385,0.368,0.386
BCW_201424,Round_13,0.122,0.11,0.122,0.356,0.344,0.362
BCW_201425,Round_13,0.133,0.126,0.129,0.335,0.314,0.353
BCW_201426,Round_13,0.239,0.167,0.161,0.396,0.405,0.39
BCW_201427,Round_13,0.232,0.157,0.16,0.221,0.201,0.189
BCW_201428,Round_13,0.265,0.158,0.172,0.439,0.385,0.381
BCW_201435,Round_13,0.229,0.142,0.161,0.406,0.35,0.352
BCW_201436,Round_13,0.153,0.111,0.113,0.324,0.28,0.269
BCW_201437,Round_13,0.29,0.181,0.184,0.427,0.365,0.379
BCW_201438,Round_13,0.14,0.132,0.149,0.344,0.343,0.362
BCW_201439,Round_13,0.173,0.184,0.195,0.428,0.43,0.416
BCW_201440,Round_14,0.216,0.181,0.222,0.411,0.404,0.418
BCW_201442,Round_14,0.199,0.176,0.192,0.378,0.365,0.36
BCW_201447,Round_14,0.142,0.14,0.15,0.204,0.165,0.168
BCW_201448,Round_14,0.207,0.19,0.192,0.382,0.422,0.386
BCW_201449,Round_14,0.167,0.154,0.162,0.349,0.356,0.351
BCW_201452,Round_14,0.149,0.138,0.146,0.273,0.296,0.309
BCW_201454,Round_14,0.131,0.131,0.131,0.188,0.233,0.224
BCW_201455,Round_14,0.126,0.122,0.124,0.221,0.204,0.2
BCW_201457,Round_14,0.146,0.136,0.143,0.148,0.142,0.138
BCW_201459,Round_14,0.186,0.183,0.203,0.363,0.367,0.347
BCW_201460,Round_14,0.199,0.205,0.2,0.414,0.432,0.406
BCW_201462,Round_14,0.223,0.226,0.245,0.406,0.402,0.36
BCW_201463,Round_14,0.222,0.222,0.226,0.415,0.411,0.399
BCW_201464,Round_14,0.213,0.215,0.211,0.406,0.405,0.365
BCW_201465,Round_14,0.212,0.202,0.221,0.414,0.42,0.406
BCW_201466,Round_14,0.211,0.209,0.21,0.405,0.411,0.393
BCW_201467,Round_14,0.196,0.208,0.218,0.42,0.435,0.411
BCW_201468,Round_14,0.197,0.197,0.189,0.383,0.398,0.361
BCW_201469,Round_14,0.193,0.197,0.19,0.372,0.393,0.362
BCW_201470,Round_14,0.129,0.129,0.128,0.133,0.14,0.163
BCW_201471,Round_14,0.126,0.124,0.117,0.128,0.127,0.107
BCW_201472,Round_14,0.139,0.139,0.135,0.314,0.267,0.272
BCW_201473,Round_14,0.204,0.197,0.205,0.351,0.351,0.338
BCW_201474,Round_14,0.149,0.145,0.132,0.303,0.312,0.296
BCW_201475,Round_14,0.158,0.174,0.169,0.321,0.364,0.331
BCW_201476,Round_14,0.134,0.134,0.134,0.15,0.146,0.12
BCW_201477,Round_14,0.146,0.145,0.149,0.143,0.142,0.12
BCW_201478,Round_14,0.122,0.354,0.142,0.133,0.29,0.171
BCW_201479,Round_14,0.157,0.154,0.157,0.145,0.15,0.127
BCW_201480,Round_14,0.171,0.18,0.171,0.158,0.158,0.138
BCW_201481,Round_14,0.165,0.162,0.166,0.167,0.171,0.143
BCW_201482,Round_14,0.174,0.175,0.176,0.172,0.173,0.154
BCW_201483,Round_14,0.154,0.141,0.142,0.16,0.172,0.153
BCW_201484,Round_14,0.155,0.154,0.147,0.142,0.142,0.124
BCW_201485,Round_14,0.143,0.14,0.131,0.153,0.136,0.117
BCW_201486,Round_14,0.15,0.141,0.13,0.142,0.14,0.133
BCW_201487,Round_14,0.14,0.14,0.131,0.14,0.141,0.119
BCW_201488,Round_14,0.169,0.167,0.168,0.144,0.154,0.133
BCW_201493,Round_14,0.169,0.172,0.163,0.213,0.236,0.201
BCW_201496,Round_14,0.173,0.172,0.166,0.239,0.251,0.222
BCW_201498,Round_14,0.186,0.175,0.172,0.241,0.25,0.234
BCW_201499,Round_14,0.199,0.194,0.201,0.213,0.21,0.226
BCW_201500,Round_14,0.154,0.147,0.156,0.15,0.139,0.133
BCW_201501,Round_14,0.208,0.207,0.204,0.193,0.19,0.184
BCW_201502,Round_14,0.147,0.131,0.145,0.142,0.152,0.139
BCW_201503,Round_14,0.14,0.143,0.146,0.14,0.143,0.125
BCW_201504,Round_14,0.142,0.138,0.143,0.136,0.138,0.123
BCW_201505,Round_14,0.139,0.126,0.132,0.139,0.142,0.126
BCW_201506,Round_14,0.155,0.138,0.131,0.148,0.147,0.138
BCW_201507,Round_14,0.142,0.132,0.128,0.135,0.133,0.126
BCW_201508,Round_14,0.133,0.139,0.123,0.132,0.14,0.122
BCW_201509,Round_14,0.156,0.159,0.145,0.161,0.166,0.142
BCW_201510,Round_14,0.139,0.154,0.129,0.142,0.144,0.129
BCW_201511,Round_14,0.215,0.22,0.223,0.352,0.354,0.345
BCW_201512,Round_14,0.133,0.135,0.133,0.126,0.136,0.127
BCW_201513,Round_14,0.196,0.181,0.177,0.234,0.316,0.294
BCW_201574,Round_14,0.193,0.177,0.194,0.205,0.308,0.296
BCW_201575,Round_14,0.189,0.176,0.173,0.218,0.306,0.3
BCW_201576,Round_14,0.166,0.158,0.158,0.212,0.277,0.265
BCW_201602,Round_14,0.16,0.154,0.148,0.264,0.316,0.304
BCW_201603,Round_14,0.167,0.165,0.15,0.569,0.613,0.597
BCW_201604,Round_14,0.195,0.193,0.187,0.282,0.313,0.292
BCW_201605,Round_14,0.177,0.169,0.168,0.205,0.269,0.246
BCW_201606,Round_14,0.163,0.163,0.154,0.146,0.172,0.163
BCW_201607,Round_14,0.184,0.176,0.18,0.406,0.424,0.411
BCW_201609,Round_14,0.163,0.168,0.167,0.183,0.162,0.141
BCW_201610,Round_14,0.187,0.191,0.201,0.154,0.162,0.165
BCW_201612,Round_14,0.184,0.179,0.2,0.383,0.376,0.383
BCW_201616,Round_14,0.149,0.146,0.154,0.383,0.363,0.361
BCW_201617,Round_14,0.142,0.133,0.14,0.332,0.333,0.326
BCW_201618,Round_14,0.158,0.154,0.161,0.36,0.365,0.363
BCW_201619,Round_14,0.195,0.17,0.173,0.317,0.343,0.329
BCW_201623,Round_14,0.242,0.237,0.236,0.468,0.47,0.546
BCW_201624,Round_14,0.24,0.229,0.237,0.487,0.567,0.668
BCW_201626,Round_14,0.208,0.205,0.201,0.203,0.253,0.257
BCW_201627,Round_14,0.142,0.128,0.153,0.231,0.221,0.231
BCW_201628,Round_14,0.228,0.236,0.229,0.537,0.532,0.589
BCW_201629,Round_14,0.172,0.175,0.173,0.35,0.358,0.364
BCW_201630,Round_14,0.181,0.178,0.175,0.345,0.355,0.345
BCW_201631,Round_14,0.154,0.155,0.197,0.375,0.389,0.357
BCW_201632,Round_14,0.204,0.207,0.197,0.181,0.19,0.172
BCW_201633,Round_14,0.197,0.187,0.195,0.38,0.394,0.378
BCW_201635,Round_14,0.17,0.165,0.171,0.334,0.348,0.334
BCW_201636,Round_14,0.247,0.229,0.25,0.204,0.204,0.208
BCW_201637,Round_14,0.181,0.169,0.176,0.156,0.163,0.154
BCW_201638,Round_14,0.134,0.129,0.129,0.352,0.352,0.339
BCW_201640,Round_14,0.221,0.211,0.225,0.156,0.194,0.221
BCW_201641,Round_14,0.207,0.204,0.197,0.427,0.436,0.42
BCW_201650,Round_14,0.121,0.114,0.115,0.126,0.124,0.125
BCW_201651,Round_14,0.125,0.125,0.119,0.131,0.136,0.129
BCW_201652,Round_14,0.157,0.158,0.149,0.182,0.188,0.177
BCW_201655,Round_14,0.122,0.118,0.116,0.126,0.125,0.123
BCW_201656,Round_14,0.191,0.191,0.179,0.366,0.363,0.365
BCW_201659,Round_14,0.13,0.127,0.125,0.13,0.133,0.134
BCW_201660,Round_14,0.173,0.195,0.182,0.188,0.24,0.19
BCW_201661,Round_14,0.214,0.233,0.21,0.215,0.234,0.23
BCW_201663,Round_15,0.123,0.131,0.121,0.138,0.3,0.133
BCW_201664,Round_15,0.214,0.197,0.175,0.463,0.445,0.465
BCW_201665,Round_15,0.132,0.133,0.125,0.159,0.149,0.12
BCW_201666,Round_15,0.192,0.177,0.191,0.172,0.169,0.166
BCW_201667,Round_15,0.178,0.151,0.169,0.171,0.169,0.207
BCW_201668,Round_15,0.163,0.157,0.156,0.336,0.369,0.329
BCW_201676,Round_15,0.125,0.134,0.119,0.215,0.192,0.166
BCW_201677,Round_15,0.105,0.108,0.122,0.258,0.287,0.241
BCW_201678,Round_15,0.12,0.139,0.145,0.25,0.242,0.267
BCW_201679,Round_15,0.189,0.177,0.177,0.414,0.623,0.4
BCW_201680,Round_15,0.197,0.218,0.207,0.421,0.402,0.39
BCW_201681,Round_15,0.199,0.175,0.168,0.382,0.349,0.359
BCW_201683,Round_15,0.203,0.155,0.168,0.406,0.371,0.362
BCW_201686,Round_15,0.148,0.146,0.153,0.247,0.223,0.189
BCW_201687,Round_15,0.113,0.118,0.112,0.423,0.403,0.374
BCW_201694,Round_15,0.157,0.158,0.178,0.332,0.342,0.31
BCW_201695,Round_15,0.135,0.175,0.178,0.415,0.415,0.432
BCW_201696,Round_15,0.206,0.181,0.195,0.439,0.419,0.409
BCW_201697,Round_15,0.236,0.235,0.207,0.338,0.304,0.338
BCW_201698,Round_15,0.215,0.189,0.202,0.429,0.39,0.383
BCW_201699,Round_15,0.22,0.203,0.187,0.43,0.423,0.383
BCW_201700,Round_15,0.163,0.161,0.174,0.439,0.403,0.372
BCW_201701,Round_15,0.168,0.164,0.166,0.433,0.406,0.371
BCW_201702,Round_15,0.134,0.136,0.163,0.4,0.374,0.369
BCW_201716,Round_15,0.201,0.189,0.187,0.33,0.316,0.302
BCW_201717,Round_15,0.194,0.16,0.216,0.336,0.301,0.298
BCW_201718,Round_15,0.15,0.191,0.154,0.393,0.369,0.358
BCW_201719,Round_15,0.225,0.195,0.181,0.383,0.326,0.349
BCW_201720,Round_15,0.181,0.181,0.164,0.361,0.346,0.341
BCW_201722,Round_15,0.169,0.168,0.176,0.359,0.337,0.314
BCW_201723,Round_15,0.177,0.176,0.171,0.446,0.395,0.346
BCW_201724,Round_15,0.151,0.15,0.186,0.277,0.261,0.245
BCW_201725,Round_15,0.209,0.177,0.178,0.392,0.316,0.372
BCW_201727,Round_15,0.186,0.154,0.184,0.368,0.35,0.365
BCW_201774,Round_15,0.101,0.106,0.104,0.14,0.128,0.119
BCW_201775,Round_15,0.14,0.125,0.122,0.372,0.346,0.331
BCW_201776,Round_15,0.156,0.15,0.152,0.181,0.172,0.162
BCW_201777,Round_15,0.103,0.113,0.119,0.158,0.152,0.132
BCW_201778,Round_15,0.105,0.107,0.109,0.145,0.149,0.114
BCW_201779,Round_15,0.115,0.134,0.142,0.347,0.358,0.359
BCW_201780,Round_15,0.125,0.124,0.132,0.476,0.467,0.467
BCW_201781,Round_15,0.154,0.162,0.182,0.341,0.33,0.338
BCW_201782,Round_15,0.156,0.18,0.175,0.349,0.33,0.338
BCW_201783,Round_15,0.136,0.122,0.118,0.365,0.34,0.351
BCW_201785,Round_15,0.123,0.131,0.116,0.378,0.359,0.338
BCW_201786,Round_15,0.205,0.203,0.23,0.273,0.249,0.246
BCW_201787,Round_15,0.173,0.18,0.158,0.383,0.391,0.362
BCW_201788,Round_15,0.152,0.171,0.191,0.374,0.388,0.41
BCW_201789,Round_15,0.172,0.199,0.193,0.311,0.308,0.315
BCW_201790,Round_15,0.111,0.107,0.127,0.189,0.165,0.142
BCW_201791,Round_15,0.099,0.102,0.106,0.137,0.125,0.116
BCW_201792,Round_15,0.14,0.133,0.132,0.394,0.353,0.331
BCW_201793,Round_15,0.154,0.161,0.149,0.325,0.315,0.296
BCW_201794,Round_15,0.139,0.142,0.134,0.313,0.29,0.292
BCW_201795,Round_15,0.146,0.144,0.141,0.32,0.289,0.252
BCW_201796,Round_15,0.15,0.149,0.16,0.273,0.28,0.272
BCW_201797,Round_15,0.189,0.195,0.186,0.324,0.309,0.308
BCW_201798,Round_15,0.162,0.169,0.19,0.294,0.29,0.319
BCW_201799,Round_15,0.177,0.181,0.189,0.344,0.313,0.306
BCW_201800,Round_15,0.219,0.204,0.19,0.396,0.35,0.346
BCW_201801,Round_15,0.139,0.128,0.134,0.294,0.282,0.277
BCW_201802,Round_15,0.188,0.192,0.187,0.288,0.24,0.229
BCW_201803,Round_15,0.122,0.118,0.117,0.177,0.174,0.144
BCW_201804,Round_15,0.162,0.169,0.185,0.327,0.331,0.344
BCW_201805,Round_15,0.145,0.164,0.156,0.346,0.34,0.337
BCW_201806,Round_15,0.175,0.195,0.209,0.395,0.383,0.385
BCW_201807,Round_15,0.175,0.155,0.166,0.381,0.382,0.36
BCW_201810,Round_15,0.213,0.188,0.201,0.202,0.196,0.171
BCW_201816,Round_15,0.172,0.159,0.167,0.445,0.443,0.425
BCW_201817,Round_15,0.092,0.096,0.102,0.145,0.143,0.121
BCW_201820,Round_15,0.102,0.099,0.098,0.167,0.742,0.132
BCW_201821,Round_15,0.081,0.084,0.083,0.117,0.123,0.106
BCW_201837,Round_15,0.103,0.112,0.117,0.26,0.268,0.38
BCW_201841,Round_15,0.091,0.099,0.1,0.153,0.148,0.135
BCW_201843,Round_15,0.184,0.196,0.17,0.203,0.19,0.18
BCW_201846,Round_15,0.132,0.131,0.131,0.141,0.129,0.12
BCW_201855,Round_15,0.152,0.142,0.161,0.42,0.416,0.411
BCW_201862,Round_15,0.094,0.089,0.097,0.144,0.136,0.115
BCW_201863,Round_15,0.182,0.178,0.175,0.205,0.201,0.175
BCW_201892,Round_15,0.139,0.135,0.148,0.395,0.387,0.405
BCW_201893,Round_15,0.163,0.178,0.179,0.153,0.146,0.136
BCW_201898,Round_15,0.203,0.177,0.157,0.197,0.193,0.176
BCW_201905,Round_15,0.108,0.121,0.119,0.148,0.136,0.13
BCW_201905,Round_15,0.183,0.173,0.18,0.201,0.184,0.177
BCW_201906,Round_15,0.193,0.18,0.193,0.193,0.21,0.173
BCW_201907,Round_15,0.172,0.198,0.186,0.196,0.202,0.179
BCW_201908,Round_15,0.176,0.191,0.139,0.209,0.199,0.178
BCW_201912,Round_15,0.158,0.186,0.191,0.368,0.343,0.354
BCW_201913,Round_15,0.159,0.164,0.201,0.183,0.179,0.188
BCW_201918,Round_15,0.141,0.13,0.134,0.177,0.156,0.157
BCW_201920,Round_15,0.163,0.183,0.169,0.159,0.143,0.137
BCW_201921,Round_15,0.098,0.106,0.109,0.171,0.148,0.152
BCW_201922,Round_15,0.104,0.103,0.104,0.126,0.129,0.122
BCW_201923,Round_15,0.121,0.138,0.141,0.38,0.418,0.379
BCW_201924,Round_15,0.145,0.146,0.143,0.136,0.147,0.165
BCW_201925,Round_15,0.137,0.137,0.175,0.233,0.218,0.269
BCW_201927,Round_16,0.17,0.155,0.159,0.412,0.162,0.141
BCW_201929,Round_16,0.208,0.196,0.2,0.557,0.532,0.467
BCW_201930,Round_16,0.203,0.198,0.208,0.65,0.482,0.473
BCW_201931,Round_16,0.098,0.103,0.111,0.218,0.165,0.138
BCW_201932,Round_16,0.11,0.122,0.125,0.345,0.166,0.131
BCW_201934,Round_16,0.132,0.209,0.134,0.409,0.164,0.137
BCW_201935,Round_16,0.207,0.194,0.214,0.666,0.185,0.163
BCW_201940,Round_16,0.238,0.215,0.225,0.79,0.214,0.203
BCW_201941,Round_16,0.164,0.163,0.141,0.418,0.348,0.327
BCW_201942,Round_16,0.22,0.205,0.21,0.512,0.269,0.211
BCW_201943,Round_16,0.107,0.112,0.114,0.211,0.166,0.144
BCW_201944,Round_16,0.148,0.135,0.137,0.382,0.404,0.362
BCW_201946,Round_16,0.102,0.112,0.108,0.253,0.195,0.176
BCW_201950,Round_16,0.158,0.166,0.157,0.44,0.444,0.381
BCW_201948,Round_16,0.111,0.104,0.114,0.23,0.186,0.172
BCW_201951,Round_16,0.156,0.147,0.135,0.419,0.405,0.388
BCW_201952,Round_16,0.16,0.146,0.158,0.407,0.393,0.435
BCW_201953,Round_16,0.162,0.143,0.158,0.47,0.318,0.327
BCW_201956,Round_16,0.106,0.11,0.184,0.288,0.361,0.378
BCW_201958,Round_16,0.091,0.089,0.095,0.152,0.31,0.343
BCW_201959,Round_16,0.153,0.143,0.138,0.392,0.41,0.422
BCW_201960,Round_16,0.125,0.116,0.132,0.305,0.191,0.16
BCW_201961,Round_16,0.182,0.162,0.188,0.483,0.475,0.436
BCW_201962,Round_16,0.194,0.185,0.187,0.616,0.159,0.176
BCW_201963,Round_16,0.161,0.142,0.151,0.42,0.436,0.449
BCW_201964,Round_16,0.204,0.204,0.189,0.542,0.209,0.212
BCW_201965,Round_16,0.153,0.141,0.131,0.409,0.437,0.424
BCW_201966,Round_16,0.188,0.215,0.207,0.611,0.256,0.216
BCW_201967,Round_16,0.104,0.106,0.109,0.236,0.166,0.152
BCW_201968,Round_16,0.18,0.172,0.167,0.551,0.455,0.442
BCW_201970,Round_16,0.221,0.219,0.206,0.626,0.34,0.322
BCW_201971,Round_16,0.195,0.157,0.16,0.581,0.211,0.197
BCW_201973,Round_16,0.144,0.136,0.141,0.329,0.149,0.143
BCW_201974,Round_16,0.096,0.106,0.104,0.242,0.16,0.164
BCW_201976,Round_16,0.097,0.099,0.096,0.187,0.263,0.267
BCW_201977,Round_16,0.159,0.178,0.168,0.452,0.233,0.191
BCW_201978,Round_16,0.14,0.147,0.165,0.454,0.381,0.357
BCW_201979,Round_16,0.147,0.147,0.162,0.452,0.414,0.391
BCW_201980,Round_16,0.1,0.096,0.098,0.221,0.279,0.303
BCW_201981,Round_16,0.217,0.214,0.2,0.533,0.216,0.202
BCW_201983,Round_16,0.109,0.107,0.115,0.237,0.159,0.154
BCW_201984,Round_16,0.115,0.116,0.134,0.346,0.147,0.156
BCW_201985,Round_16,0.141,0.139,0.144,0.39,0.158,0.159
BCW_201986,Round_16,0.115,0.116,0.121,0.258,0.195,0.163
BCW_201987,Round_16,0.104,0.1,0.104,0.232,0.174,0.168
BCW_201988,Round_16,0.111,0.102,0.109,0.23,0.178,0.161
BCW_201989,Round_16,0.124,0.129,0.128,0.356,0.384,0.39
BCW_201991,Round_16,0.121,0.273,0.106,0.292,0.301,0.152
BCW_201992,Round_16,0.123,0.136,0.127,0.245,0.182,0.17
BCW_201993,Round_16,0.157,0.147,0.158,0.379,0.2,0.173
BCW_201994,Round_16,0.13,0.118,0.132,0.334,0.198,0.216
BCW_201996,Round_16,0.136,0.134,0.141,0.355,0.408,0.369
BCW_201998,Round_16,0.171,0.173,0.187,0.439,0.227,0.23
BCW_201999,Round_16,0.108,0.109,0.107,0.215,0.199,0.163
BCW_202000,Round_16,0.133,0.133,0.144,0.409,0.391,0.4
BCW_202002,Round_16,0.212,0.183,0.181,0.533,0.342,0.342
BCW_202003,Round_16,0.125,0.126,0.13,0.273,0.134,0.141
BCW_202004,Round_16,0.162,0.155,0.171,0.543,0.274,0.253
BCW_202007,Round_16,0.186,0.19,0.191,0.558,0.353,0.377
BCW_202008,Round_16,0.169,0.177,0.166,0.566,0.267,0.236
BCW_202009,Round_16,0.152,0.156,0.147,0.63,0.215,0.195